<?xml version="1.0" encoding="UTF-8" standalone="no"?>
<gpx xmlns="http://www.topografix.com/GPX/1/1" creator="GaiaGPS" version="1.1" xmlns:xsi="http://www.w3.org/2001/XMLSchema-instance" xsi:schemaLocation="http://www.topografix.com/GPX/1/1 http://www.topografix.com/GPX/1/1/gpx.xsd">
  <metadata>
    <time>2021-04-10T14:39:19Z</time>
  </metadata>
  <wpt lat="19.023113" lon="-99.208306">
    <ele>2502.0</ele>
    <time>2021-04-10T15:53:02Z</time>
    <name>Mi foto - 10/04/21 10:53:2</name>
    <sym>camera-24</sym>
  </wpt>
  <trk>
    <name>Arroyo seco </name>
    <trkseg>
      <trkpt lat="19.006879" lon="-99.203313">
        <ele>2221.900000</ele>
        <time>2021-04-10T14:39:20Z</time>
      </trkpt>
      <trkpt lat="19.006878" lon="-99.203325">
        <ele>2222.500000</ele>
        <time>2021-04-10T14:39:22Z</time>
      </trkpt>
      <trkpt lat="19.006899" lon="-99.203349">
        <ele>2221.900000</ele>
        <time>2021-04-10T14:39:27Z</time>
      </trkpt>
      <trkpt lat="19.006897" lon="-99.203385">
        <ele>2220.000000</ele>
        <time>2021-04-10T14:39:31Z</time>
      </trkpt>
      <trkpt lat="19.006923" lon="-99.203402">
        <ele>2217.000000</ele>
        <time>2021-04-10T14:39:34Z</time>
      </trkpt>
      <trkpt lat="19.006965" lon="-99.203393">
        <ele>2218.000000</ele>
        <time>2021-04-10T14:39:36Z</time>
      </trkpt>
      <trkpt lat="19.006989" lon="-99.203371">
        <ele>2217.000000</ele>
        <time>2021-04-10T14:39:38Z</time>
      </trkpt>
      <trkpt lat="19.007012" lon="-99.203293">
        <ele>2217.000000</ele>
        <time>2021-04-10T14:39:42Z</time>
      </trkpt>
      <trkpt lat="19.007037" lon="-99.203253">
        <ele>2216.000000</ele>
        <time>2021-04-10T14:39:46Z</time>
      </trkpt>
      <trkpt lat="19.007018" lon="-99.203221">
        <ele>2208.000000</ele>
        <time>2021-04-10T14:39:58Z</time>
      </trkpt>
      <trkpt lat="19.006985" lon="-99.203226">
        <ele>2210.000000</ele>
        <time>2021-04-10T14:40:11Z</time>
      </trkpt>
      <trkpt lat="19.007048" lon="-99.203232">
        <ele>2205.000000</ele>
        <time>2021-04-10T14:40:21Z</time>
      </trkpt>
      <trkpt lat="19.007076" lon="-99.203298">
        <ele>2212.000000</ele>
        <time>2021-04-10T14:40:39Z</time>
      </trkpt>
      <trkpt lat="19.007114" lon="-99.203260">
        <ele>2216.000000</ele>
        <time>2021-04-10T14:40:50Z</time>
      </trkpt>
      <trkpt lat="19.007037" lon="-99.203306">
        <ele>2216.000000</ele>
        <time>2021-04-10T14:41:00Z</time>
      </trkpt>
      <trkpt lat="19.007002" lon="-99.203355">
        <ele>2214.000000</ele>
        <time>2021-04-10T14:41:04Z</time>
      </trkpt>
      <trkpt lat="19.007024" lon="-99.203295">
        <ele>2211.000000</ele>
        <time>2021-04-10T14:41:14Z</time>
      </trkpt>
      <trkpt lat="19.007050" lon="-99.203321">
        <ele>2217.000000</ele>
        <time>2021-04-10T14:41:21Z</time>
      </trkpt>
      <trkpt lat="19.007107" lon="-99.203290">
        <ele>2214.000000</ele>
        <time>2021-04-10T14:41:31Z</time>
      </trkpt>
      <trkpt lat="19.007119" lon="-99.203260">
        <ele>2214.000000</ele>
        <time>2021-04-10T14:41:39Z</time>
      </trkpt>
      <trkpt lat="19.007156" lon="-99.203249">
        <ele>2214.000000</ele>
        <time>2021-04-10T14:41:46Z</time>
      </trkpt>
      <trkpt lat="19.007197" lon="-99.203262">
        <ele>2216.000000</ele>
        <time>2021-04-10T14:41:55Z</time>
      </trkpt>
      <trkpt lat="19.007213" lon="-99.203136">
        <ele>2215.000000</ele>
        <time>2021-04-10T14:42:09Z</time>
      </trkpt>
      <trkpt lat="19.007232" lon="-99.203110">
        <ele>2212.000000</ele>
        <time>2021-04-10T14:42:13Z</time>
      </trkpt>
      <trkpt lat="19.007274" lon="-99.203118">
        <ele>2214.000000</ele>
        <time>2021-04-10T14:42:18Z</time>
      </trkpt>
      <trkpt lat="19.007298" lon="-99.203044">
        <ele>2212.000000</ele>
        <time>2021-04-10T14:42:27Z</time>
      </trkpt>
      <trkpt lat="19.007328" lon="-99.203041">
        <ele>2215.000000</ele>
        <time>2021-04-10T14:42:33Z</time>
      </trkpt>
      <trkpt lat="19.007451" lon="-99.203206">
        <ele>2215.000000</ele>
        <time>2021-04-10T14:42:48Z</time>
      </trkpt>
      <trkpt lat="19.007555" lon="-99.203122">
        <ele>2217.000000</ele>
        <time>2021-04-10T14:43:15Z</time>
      </trkpt>
      <trkpt lat="19.007538" lon="-99.203175">
        <ele>2218.000000</ele>
        <time>2021-04-10T14:43:24Z</time>
      </trkpt>
      <trkpt lat="19.007539" lon="-99.203274">
        <ele>2217.000000</ele>
        <time>2021-04-10T14:43:28Z</time>
      </trkpt>
      <trkpt lat="19.007607" lon="-99.203308">
        <ele>2216.000000</ele>
        <time>2021-04-10T14:43:53Z</time>
      </trkpt>
      <trkpt lat="19.007667" lon="-99.203307">
        <ele>2214.000000</ele>
        <time>2021-04-10T14:44:06Z</time>
      </trkpt>
      <trkpt lat="19.007648" lon="-99.203218">
        <ele>2218.900000</ele>
        <time>2021-04-10T14:44:27Z</time>
      </trkpt>
      <trkpt lat="19.007661" lon="-99.203163">
        <ele>2218.000000</ele>
        <time>2021-04-10T14:44:29Z</time>
      </trkpt>
      <trkpt lat="19.007694" lon="-99.203144">
        <ele>2217.000000</ele>
        <time>2021-04-10T14:44:32Z</time>
      </trkpt>
      <trkpt lat="19.007720" lon="-99.203166">
        <ele>2217.000000</ele>
        <time>2021-04-10T14:44:35Z</time>
      </trkpt>
      <trkpt lat="19.007766" lon="-99.203168">
        <ele>2216.000000</ele>
        <time>2021-04-10T14:44:45Z</time>
      </trkpt>
      <trkpt lat="19.007751" lon="-99.203130">
        <ele>2216.400000</ele>
        <time>2021-04-10T14:44:46Z</time>
      </trkpt>
      <trkpt lat="19.007699" lon="-99.203075">
        <ele>2214.000000</ele>
        <time>2021-04-10T14:44:53Z</time>
      </trkpt>
      <trkpt lat="19.007732" lon="-99.203070">
        <ele>2214.000000</ele>
        <time>2021-04-10T14:44:59Z</time>
      </trkpt>
      <trkpt lat="19.007789" lon="-99.203036">
        <ele>2219.000000</ele>
        <time>2021-04-10T14:45:05Z</time>
      </trkpt>
      <trkpt lat="19.007828" lon="-99.203040">
        <ele>2217.000000</ele>
        <time>2021-04-10T14:45:08Z</time>
      </trkpt>
      <trkpt lat="19.007770" lon="-99.202992">
        <ele>2219.000000</ele>
        <time>2021-04-10T14:45:13Z</time>
      </trkpt>
      <trkpt lat="19.007757" lon="-99.203057">
        <ele>2220.000000</ele>
        <time>2021-04-10T14:45:21Z</time>
      </trkpt>
      <trkpt lat="19.007759" lon="-99.202985">
        <ele>2220.000000</ele>
        <time>2021-04-10T14:45:33Z</time>
      </trkpt>
      <trkpt lat="19.007792" lon="-99.202989">
        <ele>2220.000000</ele>
        <time>2021-04-10T14:45:38Z</time>
      </trkpt>
      <trkpt lat="19.007822" lon="-99.203012">
        <ele>2220.000000</ele>
        <time>2021-04-10T14:45:42Z</time>
      </trkpt>
      <trkpt lat="19.007897" lon="-99.203130">
        <ele>2222.000000</ele>
        <time>2021-04-10T14:45:48Z</time>
      </trkpt>
      <trkpt lat="19.008021" lon="-99.203254">
        <ele>2224.000000</ele>
        <time>2021-04-10T14:45:57Z</time>
      </trkpt>
      <trkpt lat="19.007843" lon="-99.203111">
        <ele>2221.000000</ele>
        <time>2021-04-10T14:46:14Z</time>
      </trkpt>
      <trkpt lat="19.007886" lon="-99.203225">
        <ele>2219.000000</ele>
        <time>2021-04-10T14:46:30Z</time>
      </trkpt>
      <trkpt lat="19.007827" lon="-99.203181">
        <ele>2220.000000</ele>
        <time>2021-04-10T14:46:42Z</time>
      </trkpt>
      <trkpt lat="19.007795" lon="-99.203169">
        <ele>2220.000000</ele>
        <time>2021-04-10T14:46:46Z</time>
      </trkpt>
      <trkpt lat="19.007736" lon="-99.203210">
        <ele>2218.000000</ele>
        <time>2021-04-10T14:46:55Z</time>
      </trkpt>
      <trkpt lat="19.007866" lon="-99.203317">
        <ele>2222.100000</ele>
        <time>2021-04-10T14:47:14Z</time>
      </trkpt>
      <trkpt lat="19.007894" lon="-99.203365">
        <ele>2221.400000</ele>
        <time>2021-04-10T14:47:16Z</time>
      </trkpt>
      <trkpt lat="19.007906" lon="-99.203473">
        <ele>2212.000000</ele>
        <time>2021-04-10T14:47:32Z</time>
      </trkpt>
      <trkpt lat="19.007861" lon="-99.203433">
        <ele>2225.900000</ele>
        <time>2021-04-10T14:47:45Z</time>
      </trkpt>
      <trkpt lat="19.007833" lon="-99.203422">
        <ele>2226.400000</ele>
        <time>2021-04-10T14:47:46Z</time>
      </trkpt>
      <trkpt lat="19.007772" lon="-99.203365">
        <ele>2224.600000</ele>
        <time>2021-04-10T14:47:52Z</time>
      </trkpt>
      <trkpt lat="19.007832" lon="-99.203338">
        <ele>2220.000000</ele>
        <time>2021-04-10T14:48:01Z</time>
      </trkpt>
      <trkpt lat="19.007798" lon="-99.203426">
        <ele>2224.000000</ele>
        <time>2021-04-10T14:48:07Z</time>
      </trkpt>
      <trkpt lat="19.007800" lon="-99.203473">
        <ele>2224.000000</ele>
        <time>2021-04-10T14:48:10Z</time>
      </trkpt>
      <trkpt lat="19.007785" lon="-99.203507">
        <ele>2224.000000</ele>
        <time>2021-04-10T14:48:13Z</time>
      </trkpt>
      <trkpt lat="19.007718" lon="-99.203598">
        <ele>2225.000000</ele>
        <time>2021-04-10T14:48:27Z</time>
      </trkpt>
      <trkpt lat="19.007690" lon="-99.203421">
        <ele>2225.500000</ele>
        <time>2021-04-10T14:48:38Z</time>
      </trkpt>
      <trkpt lat="19.007702" lon="-99.203388">
        <ele>2224.000000</ele>
        <time>2021-04-10T14:48:39Z</time>
      </trkpt>
      <trkpt lat="19.007782" lon="-99.203297">
        <ele>2217.000000</ele>
        <time>2021-04-10T14:49:01Z</time>
      </trkpt>
      <trkpt lat="19.007834" lon="-99.203212">
        <ele>2225.500000</ele>
        <time>2021-04-10T14:49:13Z</time>
      </trkpt>
      <trkpt lat="19.007861" lon="-99.203198">
        <ele>2225.000000</ele>
        <time>2021-04-10T14:49:15Z</time>
      </trkpt>
      <trkpt lat="19.007890" lon="-99.203210">
        <ele>2226.000000</ele>
        <time>2021-04-10T14:49:18Z</time>
      </trkpt>
      <trkpt lat="19.007912" lon="-99.203266">
        <ele>2228.600000</ele>
        <time>2021-04-10T14:49:20Z</time>
      </trkpt>
      <trkpt lat="19.007904" lon="-99.203312">
        <ele>2228.000000</ele>
        <time>2021-04-10T14:49:22Z</time>
      </trkpt>
      <trkpt lat="19.007814" lon="-99.203512">
        <ele>2228.000000</ele>
        <time>2021-04-10T14:49:33Z</time>
      </trkpt>
      <trkpt lat="19.007827" lon="-99.203546">
        <ele>2226.000000</ele>
        <time>2021-04-10T14:49:37Z</time>
      </trkpt>
      <trkpt lat="19.007857" lon="-99.203511">
        <ele>2229.000000</ele>
        <time>2021-04-10T14:49:40Z</time>
      </trkpt>
      <trkpt lat="19.007873" lon="-99.203465">
        <ele>2229.000000</ele>
        <time>2021-04-10T14:49:42Z</time>
      </trkpt>
      <trkpt lat="19.007824" lon="-99.203403">
        <ele>2226.000000</ele>
        <time>2021-04-10T14:50:29Z</time>
      </trkpt>
      <trkpt lat="19.007934" lon="-99.203395">
        <ele>2226.000000</ele>
        <time>2021-04-10T14:50:56Z</time>
      </trkpt>
      <trkpt lat="19.007925" lon="-99.203495">
        <ele>2222.000000</ele>
        <time>2021-04-10T14:51:07Z</time>
      </trkpt>
      <trkpt lat="19.007879" lon="-99.203543">
        <ele>2220.000000</ele>
        <time>2021-04-10T14:51:17Z</time>
      </trkpt>
      <trkpt lat="19.007943" lon="-99.203554">
        <ele>2224.000000</ele>
        <time>2021-04-10T14:51:30Z</time>
      </trkpt>
      <trkpt lat="19.008057" lon="-99.203512">
        <ele>2223.000000</ele>
        <time>2021-04-10T14:51:36Z</time>
      </trkpt>
      <trkpt lat="19.008090" lon="-99.203527">
        <ele>2220.000000</ele>
        <time>2021-04-10T14:51:44Z</time>
      </trkpt>
      <trkpt lat="19.008115" lon="-99.203590">
        <ele>2225.000000</ele>
        <time>2021-04-10T14:51:55Z</time>
      </trkpt>
      <trkpt lat="19.008116" lon="-99.203663">
        <ele>2226.000000</ele>
        <time>2021-04-10T14:52:04Z</time>
      </trkpt>
      <trkpt lat="19.008118" lon="-99.203614">
        <ele>2227.000000</ele>
        <time>2021-04-10T14:52:12Z</time>
      </trkpt>
      <trkpt lat="19.008137" lon="-99.203571">
        <ele>2220.000000</ele>
        <time>2021-04-10T14:52:20Z</time>
      </trkpt>
      <trkpt lat="19.008123" lon="-99.203511">
        <ele>2228.000000</ele>
        <time>2021-04-10T14:52:43Z</time>
      </trkpt>
      <trkpt lat="19.008154" lon="-99.203504">
        <ele>2230.000000</ele>
        <time>2021-04-10T14:52:47Z</time>
      </trkpt>
      <trkpt lat="19.008194" lon="-99.203474">
        <ele>2227.000000</ele>
        <time>2021-04-10T14:52:55Z</time>
      </trkpt>
      <trkpt lat="19.008260" lon="-99.203520">
        <ele>2230.000000</ele>
        <time>2021-04-10T14:53:03Z</time>
      </trkpt>
      <trkpt lat="19.008258" lon="-99.203576">
        <ele>2227.000000</ele>
        <time>2021-04-10T14:53:23Z</time>
      </trkpt>
      <trkpt lat="19.008293" lon="-99.203542">
        <ele>2234.300000</ele>
        <time>2021-04-10T14:53:35Z</time>
      </trkpt>
      <trkpt lat="19.008309" lon="-99.203555">
        <ele>2234.000000</ele>
        <time>2021-04-10T14:53:37Z</time>
      </trkpt>
      <trkpt lat="19.008354" lon="-99.203651">
        <ele>2232.000000</ele>
        <time>2021-04-10T14:53:44Z</time>
      </trkpt>
      <trkpt lat="19.008380" lon="-99.203671">
        <ele>2231.000000</ele>
        <time>2021-04-10T14:53:48Z</time>
      </trkpt>
      <trkpt lat="19.008410" lon="-99.203661">
        <ele>2235.000000</ele>
        <time>2021-04-10T14:53:53Z</time>
      </trkpt>
      <trkpt lat="19.008431" lon="-99.203637">
        <ele>2246.000000</ele>
        <time>2021-04-10T14:54:25Z</time>
      </trkpt>
      <trkpt lat="19.008437" lon="-99.203747">
        <ele>2244.000000</ele>
        <time>2021-04-10T14:54:41Z</time>
      </trkpt>
      <trkpt lat="19.008473" lon="-99.203729">
        <ele>2246.000000</ele>
        <time>2021-04-10T14:54:44Z</time>
      </trkpt>
      <trkpt lat="19.008485" lon="-99.203586">
        <ele>2246.000000</ele>
        <time>2021-04-10T14:54:56Z</time>
      </trkpt>
      <trkpt lat="19.008487" lon="-99.203644">
        <ele>2247.000000</ele>
        <time>2021-04-10T14:55:03Z</time>
      </trkpt>
      <trkpt lat="19.008510" lon="-99.203612">
        <ele>2247.000000</ele>
        <time>2021-04-10T14:55:15Z</time>
      </trkpt>
      <trkpt lat="19.008566" lon="-99.203588">
        <ele>2247.000000</ele>
        <time>2021-04-10T14:55:25Z</time>
      </trkpt>
      <trkpt lat="19.008515" lon="-99.203582">
        <ele>2247.000000</ele>
        <time>2021-04-10T14:55:34Z</time>
      </trkpt>
      <trkpt lat="19.008485" lon="-99.203603">
        <ele>2247.000000</ele>
        <time>2021-04-10T14:55:37Z</time>
      </trkpt>
      <trkpt lat="19.008475" lon="-99.203643">
        <ele>2247.000000</ele>
        <time>2021-04-10T14:55:39Z</time>
      </trkpt>
      <trkpt lat="19.008484" lon="-99.203721">
        <ele>2248.000000</ele>
        <time>2021-04-10T14:55:45Z</time>
      </trkpt>
      <trkpt lat="19.008477" lon="-99.203757">
        <ele>2247.000000</ele>
        <time>2021-04-10T14:55:47Z</time>
      </trkpt>
      <trkpt lat="19.008495" lon="-99.203800">
        <ele>2248.000000</ele>
        <time>2021-04-10T14:56:01Z</time>
      </trkpt>
      <trkpt lat="19.008446" lon="-99.203769">
        <ele>2247.000000</ele>
        <time>2021-04-10T14:56:06Z</time>
      </trkpt>
      <trkpt lat="19.008450" lon="-99.203805">
        <ele>2247.000000</ele>
        <time>2021-04-10T14:56:13Z</time>
      </trkpt>
      <trkpt lat="19.008499" lon="-99.203773">
        <ele>2243.000000</ele>
        <time>2021-04-10T14:56:20Z</time>
      </trkpt>
      <trkpt lat="19.008465" lon="-99.203759">
        <ele>2240.000000</ele>
        <time>2021-04-10T14:56:28Z</time>
      </trkpt>
      <trkpt lat="19.008480" lon="-99.203796">
        <ele>2241.000000</ele>
        <time>2021-04-10T14:56:35Z</time>
      </trkpt>
      <trkpt lat="19.008575" lon="-99.203856">
        <ele>2243.000000</ele>
        <time>2021-04-10T14:56:55Z</time>
      </trkpt>
      <trkpt lat="19.008610" lon="-99.203830">
        <ele>2244.000000</ele>
        <time>2021-04-10T14:57:03Z</time>
      </trkpt>
      <trkpt lat="19.008664" lon="-99.203877">
        <ele>2247.000000</ele>
        <time>2021-04-10T14:57:14Z</time>
      </trkpt>
      <trkpt lat="19.008698" lon="-99.203886">
        <ele>2246.000000</ele>
        <time>2021-04-10T14:57:26Z</time>
      </trkpt>
      <trkpt lat="19.008742" lon="-99.203870">
        <ele>2245.000000</ele>
        <time>2021-04-10T14:57:42Z</time>
      </trkpt>
      <trkpt lat="19.008812" lon="-99.203880">
        <ele>2250.000000</ele>
        <time>2021-04-10T14:58:01Z</time>
      </trkpt>
      <trkpt lat="19.008940" lon="-99.203847">
        <ele>2251.000000</ele>
        <time>2021-04-10T14:58:23Z</time>
      </trkpt>
      <trkpt lat="19.008885" lon="-99.203820">
        <ele>2247.000000</ele>
        <time>2021-04-10T14:58:35Z</time>
      </trkpt>
      <trkpt lat="19.008842" lon="-99.203853">
        <ele>2250.000000</ele>
        <time>2021-04-10T14:59:00Z</time>
      </trkpt>
      <trkpt lat="19.008819" lon="-99.203743">
        <ele>2253.000000</ele>
        <time>2021-04-10T14:59:14Z</time>
      </trkpt>
      <trkpt lat="19.008873" lon="-99.203689">
        <ele>2258.000000</ele>
        <time>2021-04-10T14:59:25Z</time>
      </trkpt>
      <trkpt lat="19.008915" lon="-99.203671">
        <ele>2256.000000</ele>
        <time>2021-04-10T14:59:32Z</time>
      </trkpt>
      <trkpt lat="19.008971" lon="-99.203622">
        <ele>2256.000000</ele>
        <time>2021-04-10T14:59:41Z</time>
      </trkpt>
      <trkpt lat="19.009018" lon="-99.203558">
        <ele>2256.000000</ele>
        <time>2021-04-10T14:59:48Z</time>
      </trkpt>
      <trkpt lat="19.009033" lon="-99.203519">
        <ele>2255.000000</ele>
        <time>2021-04-10T14:59:52Z</time>
      </trkpt>
      <trkpt lat="19.009095" lon="-99.203503">
        <ele>2257.000000</ele>
        <time>2021-04-10T15:00:10Z</time>
      </trkpt>
      <trkpt lat="19.009130" lon="-99.203506">
        <ele>2260.000000</ele>
        <time>2021-04-10T15:00:23Z</time>
      </trkpt>
      <trkpt lat="19.009145" lon="-99.203475">
        <ele>2259.000000</ele>
        <time>2021-04-10T15:00:28Z</time>
      </trkpt>
      <trkpt lat="19.009129" lon="-99.203493">
        <ele>2260.000000</ele>
        <time>2021-04-10T15:00:36Z</time>
      </trkpt>
      <trkpt lat="19.009099" lon="-99.203502">
        <ele>2256.000000</ele>
        <time>2021-04-10T15:00:40Z</time>
      </trkpt>
      <trkpt lat="19.009245" lon="-99.203383">
        <ele>2255.000000</ele>
        <time>2021-04-10T15:01:03Z</time>
      </trkpt>
      <trkpt lat="19.009331" lon="-99.203349">
        <ele>2258.000000</ele>
        <time>2021-04-10T15:01:15Z</time>
      </trkpt>
      <trkpt lat="19.009422" lon="-99.203389">
        <ele>2255.000000</ele>
        <time>2021-04-10T15:01:32Z</time>
      </trkpt>
      <trkpt lat="19.009493" lon="-99.203381">
        <ele>2259.000000</ele>
        <time>2021-04-10T15:01:40Z</time>
      </trkpt>
      <trkpt lat="19.009519" lon="-99.203397">
        <ele>2259.000000</ele>
        <time>2021-04-10T15:01:43Z</time>
      </trkpt>
      <trkpt lat="19.009532" lon="-99.203434">
        <ele>2256.000000</ele>
        <time>2021-04-10T15:01:48Z</time>
      </trkpt>
      <trkpt lat="19.009581" lon="-99.203405">
        <ele>2260.000000</ele>
        <time>2021-04-10T15:01:56Z</time>
      </trkpt>
      <trkpt lat="19.009668" lon="-99.203384">
        <ele>2260.000000</ele>
        <time>2021-04-10T15:02:05Z</time>
      </trkpt>
      <trkpt lat="19.009707" lon="-99.203398">
        <ele>2260.000000</ele>
        <time>2021-04-10T15:02:13Z</time>
      </trkpt>
      <trkpt lat="19.009763" lon="-99.203343">
        <ele>2260.000000</ele>
        <time>2021-04-10T15:02:24Z</time>
      </trkpt>
      <trkpt lat="19.009806" lon="-99.203359">
        <ele>2260.000000</ele>
        <time>2021-04-10T15:02:31Z</time>
      </trkpt>
      <trkpt lat="19.009818" lon="-99.203394">
        <ele>2260.000000</ele>
        <time>2021-04-10T15:02:37Z</time>
      </trkpt>
      <trkpt lat="19.009890" lon="-99.203414">
        <ele>2260.000000</ele>
        <time>2021-04-10T15:02:54Z</time>
      </trkpt>
      <trkpt lat="19.009914" lon="-99.203442">
        <ele>2262.200000</ele>
        <time>2021-04-10T15:02:59Z</time>
      </trkpt>
      <trkpt lat="19.009967" lon="-99.203459">
        <ele>2262.000000</ele>
        <time>2021-04-10T15:03:05Z</time>
      </trkpt>
      <trkpt lat="19.010001" lon="-99.203449">
        <ele>2262.000000</ele>
        <time>2021-04-10T15:03:08Z</time>
      </trkpt>
      <trkpt lat="19.010026" lon="-99.203430">
        <ele>2256.000000</ele>
        <time>2021-04-10T15:03:14Z</time>
      </trkpt>
      <trkpt lat="19.010065" lon="-99.203425">
        <ele>2260.000000</ele>
        <time>2021-04-10T15:03:20Z</time>
      </trkpt>
      <trkpt lat="19.010100" lon="-99.203430">
        <ele>2262.000000</ele>
        <time>2021-04-10T15:03:23Z</time>
      </trkpt>
      <trkpt lat="19.010134" lon="-99.203449">
        <ele>2262.000000</ele>
        <time>2021-04-10T15:03:25Z</time>
      </trkpt>
      <trkpt lat="19.010233" lon="-99.203605">
        <ele>2262.000000</ele>
        <time>2021-04-10T15:03:36Z</time>
      </trkpt>
      <trkpt lat="19.010259" lon="-99.203667">
        <ele>2262.000000</ele>
        <time>2021-04-10T15:03:40Z</time>
      </trkpt>
      <trkpt lat="19.010291" lon="-99.203697">
        <ele>2264.000000</ele>
        <time>2021-04-10T15:03:45Z</time>
      </trkpt>
      <trkpt lat="19.010303" lon="-99.203739">
        <ele>2265.000000</ele>
        <time>2021-04-10T15:03:53Z</time>
      </trkpt>
      <trkpt lat="19.010284" lon="-99.203773">
        <ele>2261.000000</ele>
        <time>2021-04-10T15:04:03Z</time>
      </trkpt>
      <trkpt lat="19.010364" lon="-99.203819">
        <ele>2264.000000</ele>
        <time>2021-04-10T15:04:22Z</time>
      </trkpt>
      <trkpt lat="19.010316" lon="-99.203869">
        <ele>2264.000000</ele>
        <time>2021-04-10T15:04:34Z</time>
      </trkpt>
      <trkpt lat="19.010390" lon="-99.203886">
        <ele>2265.000000</ele>
        <time>2021-04-10T15:04:39Z</time>
      </trkpt>
      <trkpt lat="19.010409" lon="-99.203921">
        <ele>2265.000000</ele>
        <time>2021-04-10T15:04:43Z</time>
      </trkpt>
      <trkpt lat="19.010368" lon="-99.203900">
        <ele>2267.500000</ele>
        <time>2021-04-10T15:04:49Z</time>
      </trkpt>
      <trkpt lat="19.010451" lon="-99.203889">
        <ele>2267.000000</ele>
        <time>2021-04-10T15:05:02Z</time>
      </trkpt>
      <trkpt lat="19.010416" lon="-99.203956">
        <ele>2268.000000</ele>
        <time>2021-04-10T15:05:06Z</time>
      </trkpt>
      <trkpt lat="19.010442" lon="-99.203987">
        <ele>2266.000000</ele>
        <time>2021-04-10T15:05:14Z</time>
      </trkpt>
      <trkpt lat="19.010471" lon="-99.203949">
        <ele>2265.000000</ele>
        <time>2021-04-10T15:05:24Z</time>
      </trkpt>
      <trkpt lat="19.010338" lon="-99.204144">
        <ele>2275.000000</ele>
        <time>2021-04-10T15:05:49Z</time>
      </trkpt>
      <trkpt lat="19.010237" lon="-99.204088">
        <ele>2271.000000</ele>
        <time>2021-04-10T15:06:03Z</time>
      </trkpt>
      <trkpt lat="19.010546" lon="-99.204088">
        <ele>2278.500000</ele>
        <time>2021-04-10T15:06:31Z</time>
      </trkpt>
      <trkpt lat="19.010530" lon="-99.204062">
        <ele>2277.600000</ele>
        <time>2021-04-10T15:06:32Z</time>
      </trkpt>
      <trkpt lat="19.010459" lon="-99.204052">
        <ele>2274.900000</ele>
        <time>2021-04-10T15:06:35Z</time>
      </trkpt>
      <trkpt lat="19.010425" lon="-99.204028">
        <ele>2274.000000</ele>
        <time>2021-04-10T15:06:37Z</time>
      </trkpt>
      <trkpt lat="19.010418" lon="-99.203987">
        <ele>2275.000000</ele>
        <time>2021-04-10T15:06:39Z</time>
      </trkpt>
      <trkpt lat="19.010448" lon="-99.203958">
        <ele>2276.000000</ele>
        <time>2021-04-10T15:06:44Z</time>
      </trkpt>
      <trkpt lat="19.010478" lon="-99.203959">
        <ele>2277.000000</ele>
        <time>2021-04-10T15:06:49Z</time>
      </trkpt>
      <trkpt lat="19.010442" lon="-99.203949">
        <ele>2277.000000</ele>
        <time>2021-04-10T15:07:07Z</time>
      </trkpt>
      <trkpt lat="19.010447" lon="-99.204061">
        <ele>2276.000000</ele>
        <time>2021-04-10T15:07:33Z</time>
      </trkpt>
      <trkpt lat="19.010485" lon="-99.204029">
        <ele>2273.000000</ele>
        <time>2021-04-10T15:07:38Z</time>
      </trkpt>
      <trkpt lat="19.010491" lon="-99.203991">
        <ele>2270.000000</ele>
        <time>2021-04-10T15:07:49Z</time>
      </trkpt>
      <trkpt lat="19.010521" lon="-99.203958">
        <ele>2268.000000</ele>
        <time>2021-04-10T15:07:53Z</time>
      </trkpt>
      <trkpt lat="19.010555" lon="-99.203947">
        <ele>2270.000000</ele>
        <time>2021-04-10T15:07:57Z</time>
      </trkpt>
      <trkpt lat="19.010593" lon="-99.203917">
        <ele>2256.000000</ele>
        <time>2021-04-10T15:08:12Z</time>
      </trkpt>
      <trkpt lat="19.010685" lon="-99.203958">
        <ele>2277.000000</ele>
        <time>2021-04-10T15:08:34Z</time>
      </trkpt>
      <trkpt lat="19.010792" lon="-99.203988">
        <ele>2280.000000</ele>
        <time>2021-04-10T15:08:45Z</time>
      </trkpt>
      <trkpt lat="19.010837" lon="-99.203990">
        <ele>2280.000000</ele>
        <time>2021-04-10T15:08:47Z</time>
      </trkpt>
      <trkpt lat="19.010878" lon="-99.204026">
        <ele>2280.000000</ele>
        <time>2021-04-10T15:08:54Z</time>
      </trkpt>
      <trkpt lat="19.010901" lon="-99.203972">
        <ele>2282.000000</ele>
        <time>2021-04-10T15:09:06Z</time>
      </trkpt>
      <trkpt lat="19.010898" lon="-99.203915">
        <ele>2282.000000</ele>
        <time>2021-04-10T15:09:08Z</time>
      </trkpt>
      <trkpt lat="19.010909" lon="-99.203871">
        <ele>2282.000000</ele>
        <time>2021-04-10T15:09:10Z</time>
      </trkpt>
      <trkpt lat="19.010967" lon="-99.203810">
        <ele>2282.000000</ele>
        <time>2021-04-10T15:09:14Z</time>
      </trkpt>
      <trkpt lat="19.011049" lon="-99.203919">
        <ele>2277.000000</ele>
        <time>2021-04-10T15:09:32Z</time>
      </trkpt>
      <trkpt lat="19.011093" lon="-99.203852">
        <ele>2280.000000</ele>
        <time>2021-04-10T15:09:50Z</time>
      </trkpt>
      <trkpt lat="19.011154" lon="-99.203798">
        <ele>2282.000000</ele>
        <time>2021-04-10T15:10:13Z</time>
      </trkpt>
      <trkpt lat="19.011193" lon="-99.203748">
        <ele>2280.000000</ele>
        <time>2021-04-10T15:10:25Z</time>
      </trkpt>
      <trkpt lat="19.011246" lon="-99.203652">
        <ele>2284.000000</ele>
        <time>2021-04-10T15:10:43Z</time>
      </trkpt>
      <trkpt lat="19.011266" lon="-99.203708">
        <ele>2286.000000</ele>
        <time>2021-04-10T15:10:54Z</time>
      </trkpt>
      <trkpt lat="19.011303" lon="-99.203730">
        <ele>2288.000000</ele>
        <time>2021-04-10T15:11:03Z</time>
      </trkpt>
      <trkpt lat="19.011313" lon="-99.203697">
        <ele>2288.000000</ele>
        <time>2021-04-10T15:11:09Z</time>
      </trkpt>
      <trkpt lat="19.011344" lon="-99.203684">
        <ele>2288.000000</ele>
        <time>2021-04-10T15:11:14Z</time>
      </trkpt>
      <trkpt lat="19.011463" lon="-99.203760">
        <ele>2290.000000</ele>
        <time>2021-04-10T15:11:29Z</time>
      </trkpt>
      <trkpt lat="19.011472" lon="-99.203721">
        <ele>2288.000000</ele>
        <time>2021-04-10T15:11:40Z</time>
      </trkpt>
      <trkpt lat="19.011512" lon="-99.203812">
        <ele>2288.000000</ele>
        <time>2021-04-10T15:11:53Z</time>
      </trkpt>
      <trkpt lat="19.011449" lon="-99.203807">
        <ele>2289.000000</ele>
        <time>2021-04-10T15:12:04Z</time>
      </trkpt>
      <trkpt lat="19.011467" lon="-99.203861">
        <ele>2288.000000</ele>
        <time>2021-04-10T15:12:12Z</time>
      </trkpt>
      <trkpt lat="19.011498" lon="-99.203863">
        <ele>2292.000000</ele>
        <time>2021-04-10T15:12:16Z</time>
      </trkpt>
      <trkpt lat="19.011530" lon="-99.203849">
        <ele>2290.000000</ele>
        <time>2021-04-10T15:12:20Z</time>
      </trkpt>
      <trkpt lat="19.011550" lon="-99.203819">
        <ele>2289.000000</ele>
        <time>2021-04-10T15:12:24Z</time>
      </trkpt>
      <trkpt lat="19.011596" lon="-99.203782">
        <ele>2292.000000</ele>
        <time>2021-04-10T15:12:34Z</time>
      </trkpt>
      <trkpt lat="19.011628" lon="-99.203714">
        <ele>2290.000000</ele>
        <time>2021-04-10T15:12:41Z</time>
      </trkpt>
      <trkpt lat="19.011654" lon="-99.203689">
        <ele>2290.000000</ele>
        <time>2021-04-10T15:12:44Z</time>
      </trkpt>
      <trkpt lat="19.011677" lon="-99.203722">
        <ele>2282.000000</ele>
        <time>2021-04-10T15:12:54Z</time>
      </trkpt>
      <trkpt lat="19.011679" lon="-99.203684">
        <ele>2290.000000</ele>
        <time>2021-04-10T15:13:11Z</time>
      </trkpt>
      <trkpt lat="19.011787" lon="-99.203680">
        <ele>2296.100000</ele>
        <time>2021-04-10T15:13:24Z</time>
      </trkpt>
      <trkpt lat="19.011804" lon="-99.203689">
        <ele>2296.000000</ele>
        <time>2021-04-10T15:13:27Z</time>
      </trkpt>
      <trkpt lat="19.011803" lon="-99.203647">
        <ele>2294.000000</ele>
        <time>2021-04-10T15:13:32Z</time>
      </trkpt>
      <trkpt lat="19.011604" lon="-99.203810">
        <ele>2296.000000</ele>
        <time>2021-04-10T15:13:56Z</time>
      </trkpt>
      <trkpt lat="19.011721" lon="-99.203625">
        <ele>2297.000000</ele>
        <time>2021-04-10T15:14:06Z</time>
      </trkpt>
      <trkpt lat="19.011810" lon="-99.203588">
        <ele>2298.000000</ele>
        <time>2021-04-10T15:14:15Z</time>
      </trkpt>
      <trkpt lat="19.011792" lon="-99.203619">
        <ele>2299.900000</ele>
        <time>2021-04-10T15:14:24Z</time>
      </trkpt>
      <trkpt lat="19.011827" lon="-99.203586">
        <ele>2296.000000</ele>
        <time>2021-04-10T15:14:31Z</time>
      </trkpt>
      <trkpt lat="19.011867" lon="-99.203592">
        <ele>2301.000000</ele>
        <time>2021-04-10T15:14:38Z</time>
      </trkpt>
      <trkpt lat="19.011814" lon="-99.203575">
        <ele>2304.000000</ele>
        <time>2021-04-10T15:15:00Z</time>
      </trkpt>
      <trkpt lat="19.011759" lon="-99.203604">
        <ele>2301.000000</ele>
        <time>2021-04-10T15:15:06Z</time>
      </trkpt>
      <trkpt lat="19.011828" lon="-99.203510">
        <ele>2300.000000</ele>
        <time>2021-04-10T15:15:23Z</time>
      </trkpt>
      <trkpt lat="19.011859" lon="-99.203520">
        <ele>2296.000000</ele>
        <time>2021-04-10T15:15:29Z</time>
      </trkpt>
      <trkpt lat="19.011840" lon="-99.203547">
        <ele>2300.000000</ele>
        <time>2021-04-10T15:15:39Z</time>
      </trkpt>
      <trkpt lat="19.011880" lon="-99.203569">
        <ele>2300.000000</ele>
        <time>2021-04-10T15:15:46Z</time>
      </trkpt>
      <trkpt lat="19.011867" lon="-99.203615">
        <ele>2299.000000</ele>
        <time>2021-04-10T15:15:54Z</time>
      </trkpt>
      <trkpt lat="19.011908" lon="-99.203631">
        <ele>2300.000000</ele>
        <time>2021-04-10T15:16:03Z</time>
      </trkpt>
      <trkpt lat="19.011905" lon="-99.203664">
        <ele>2301.000000</ele>
        <time>2021-04-10T15:16:06Z</time>
      </trkpt>
      <trkpt lat="19.011853" lon="-99.203729">
        <ele>2300.000000</ele>
        <time>2021-04-10T15:16:15Z</time>
      </trkpt>
      <trkpt lat="19.011869" lon="-99.203664">
        <ele>2296.000000</ele>
        <time>2021-04-10T15:16:30Z</time>
      </trkpt>
      <trkpt lat="19.011899" lon="-99.203657">
        <ele>2300.000000</ele>
        <time>2021-04-10T15:16:42Z</time>
      </trkpt>
      <trkpt lat="19.011940" lon="-99.203670">
        <ele>2301.300000</ele>
        <time>2021-04-10T15:16:48Z</time>
      </trkpt>
      <trkpt lat="19.011953" lon="-99.203729">
        <ele>2295.000000</ele>
        <time>2021-04-10T15:16:56Z</time>
      </trkpt>
      <trkpt lat="19.011978" lon="-99.203751">
        <ele>2300.000000</ele>
        <time>2021-04-10T15:17:03Z</time>
      </trkpt>
      <trkpt lat="19.012008" lon="-99.203855">
        <ele>2303.000000</ele>
        <time>2021-04-10T15:17:18Z</time>
      </trkpt>
      <trkpt lat="19.012037" lon="-99.203867">
        <ele>2304.000000</ele>
        <time>2021-04-10T15:17:26Z</time>
      </trkpt>
      <trkpt lat="19.012058" lon="-99.203912">
        <ele>2304.000000</ele>
        <time>2021-04-10T15:17:34Z</time>
      </trkpt>
      <trkpt lat="19.012143" lon="-99.204001">
        <ele>2306.000000</ele>
        <time>2021-04-10T15:17:45Z</time>
      </trkpt>
      <trkpt lat="19.012176" lon="-99.204067">
        <ele>2307.000000</ele>
        <time>2021-04-10T15:17:49Z</time>
      </trkpt>
      <trkpt lat="19.012215" lon="-99.204093">
        <ele>2304.000000</ele>
        <time>2021-04-10T15:17:55Z</time>
      </trkpt>
      <trkpt lat="19.012298" lon="-99.204072">
        <ele>2304.000000</ele>
        <time>2021-04-10T15:18:05Z</time>
      </trkpt>
      <trkpt lat="19.012331" lon="-99.204083">
        <ele>2306.000000</ele>
        <time>2021-04-10T15:18:08Z</time>
      </trkpt>
      <trkpt lat="19.012376" lon="-99.204126">
        <ele>2307.000000</ele>
        <time>2021-04-10T15:18:12Z</time>
      </trkpt>
      <trkpt lat="19.012388" lon="-99.204166">
        <ele>2307.000000</ele>
        <time>2021-04-10T15:18:16Z</time>
      </trkpt>
      <trkpt lat="19.012422" lon="-99.204183">
        <ele>2306.000000</ele>
        <time>2021-04-10T15:18:23Z</time>
      </trkpt>
      <trkpt lat="19.012466" lon="-99.204202">
        <ele>2308.000000</ele>
        <time>2021-04-10T15:18:30Z</time>
      </trkpt>
      <trkpt lat="19.012502" lon="-99.204202">
        <ele>2308.000000</ele>
        <time>2021-04-10T15:18:34Z</time>
      </trkpt>
      <trkpt lat="19.012552" lon="-99.204241">
        <ele>2308.000000</ele>
        <time>2021-04-10T15:18:41Z</time>
      </trkpt>
      <trkpt lat="19.012619" lon="-99.204221">
        <ele>2310.000000</ele>
        <time>2021-04-10T15:18:50Z</time>
      </trkpt>
      <trkpt lat="19.012656" lon="-99.204226">
        <ele>2310.000000</ele>
        <time>2021-04-10T15:18:55Z</time>
      </trkpt>
      <trkpt lat="19.012734" lon="-99.204287">
        <ele>2311.000000</ele>
        <time>2021-04-10T15:19:04Z</time>
      </trkpt>
      <trkpt lat="19.012847" lon="-99.204315">
        <ele>2310.000000</ele>
        <time>2021-04-10T15:19:13Z</time>
      </trkpt>
      <trkpt lat="19.012869" lon="-99.204368">
        <ele>2313.400000</ele>
        <time>2021-04-10T15:19:19Z</time>
      </trkpt>
      <trkpt lat="19.012881" lon="-99.204474">
        <ele>2312.000000</ele>
        <time>2021-04-10T15:19:26Z</time>
      </trkpt>
      <trkpt lat="19.012933" lon="-99.204569">
        <ele>2310.000000</ele>
        <time>2021-04-10T15:19:34Z</time>
      </trkpt>
      <trkpt lat="19.012962" lon="-99.204577">
        <ele>2312.000000</ele>
        <time>2021-04-10T15:19:39Z</time>
      </trkpt>
      <trkpt lat="19.013176" lon="-99.204776">
        <ele>2322.000000</ele>
        <time>2021-04-10T15:20:04Z</time>
      </trkpt>
      <trkpt lat="19.013193" lon="-99.204803">
        <ele>2324.000000</ele>
        <time>2021-04-10T15:20:09Z</time>
      </trkpt>
      <trkpt lat="19.013444" lon="-99.204777">
        <ele>2325.000000</ele>
        <time>2021-04-10T15:21:05Z</time>
      </trkpt>
      <trkpt lat="19.013520" lon="-99.204738">
        <ele>2328.000000</ele>
        <time>2021-04-10T15:21:44Z</time>
      </trkpt>
      <trkpt lat="19.013554" lon="-99.204758">
        <ele>2330.000000</ele>
        <time>2021-04-10T15:21:55Z</time>
      </trkpt>
      <trkpt lat="19.013571" lon="-99.204806">
        <ele>2331.000000</ele>
        <time>2021-04-10T15:22:02Z</time>
      </trkpt>
      <trkpt lat="19.013605" lon="-99.204824">
        <ele>2330.000000</ele>
        <time>2021-04-10T15:22:11Z</time>
      </trkpt>
      <trkpt lat="19.013629" lon="-99.204790">
        <ele>2332.000000</ele>
        <time>2021-04-10T15:22:18Z</time>
      </trkpt>
      <trkpt lat="19.013660" lon="-99.204788">
        <ele>2331.000000</ele>
        <time>2021-04-10T15:22:21Z</time>
      </trkpt>
      <trkpt lat="19.013728" lon="-99.204805">
        <ele>2329.000000</ele>
        <time>2021-04-10T15:22:33Z</time>
      </trkpt>
      <trkpt lat="19.013788" lon="-99.204890">
        <ele>2334.100000</ele>
        <time>2021-04-10T15:22:52Z</time>
      </trkpt>
      <trkpt lat="19.013812" lon="-99.204884">
        <ele>2334.000000</ele>
        <time>2021-04-10T15:22:54Z</time>
      </trkpt>
      <trkpt lat="19.013844" lon="-99.204910">
        <ele>2332.000000</ele>
        <time>2021-04-10T15:23:03Z</time>
      </trkpt>
      <trkpt lat="19.013838" lon="-99.204954">
        <ele>2331.000000</ele>
        <time>2021-04-10T15:23:11Z</time>
      </trkpt>
      <trkpt lat="19.013803" lon="-99.204959">
        <ele>2335.000000</ele>
        <time>2021-04-10T15:23:20Z</time>
      </trkpt>
      <trkpt lat="19.013843" lon="-99.204884">
        <ele>2335.800000</ele>
        <time>2021-04-10T15:23:24Z</time>
      </trkpt>
      <trkpt lat="19.013906" lon="-99.204821">
        <ele>2334.000000</ele>
        <time>2021-04-10T15:23:28Z</time>
      </trkpt>
      <trkpt lat="19.013974" lon="-99.204780">
        <ele>2334.000000</ele>
        <time>2021-04-10T15:23:34Z</time>
      </trkpt>
      <trkpt lat="19.014020" lon="-99.204790">
        <ele>2332.000000</ele>
        <time>2021-04-10T15:23:40Z</time>
      </trkpt>
      <trkpt lat="19.014049" lon="-99.204877">
        <ele>2334.000000</ele>
        <time>2021-04-10T15:23:47Z</time>
      </trkpt>
      <trkpt lat="19.014058" lon="-99.204961">
        <ele>2334.000000</ele>
        <time>2021-04-10T15:23:51Z</time>
      </trkpt>
      <trkpt lat="19.014075" lon="-99.204987">
        <ele>2334.000000</ele>
        <time>2021-04-10T15:23:53Z</time>
      </trkpt>
      <trkpt lat="19.014166" lon="-99.205028">
        <ele>2335.000000</ele>
        <time>2021-04-10T15:24:01Z</time>
      </trkpt>
      <trkpt lat="19.014230" lon="-99.205032">
        <ele>2334.000000</ele>
        <time>2021-04-10T15:24:08Z</time>
      </trkpt>
      <trkpt lat="19.014286" lon="-99.205076">
        <ele>2334.000000</ele>
        <time>2021-04-10T15:24:16Z</time>
      </trkpt>
      <trkpt lat="19.014345" lon="-99.205038">
        <ele>2335.000000</ele>
        <time>2021-04-10T15:24:23Z</time>
      </trkpt>
      <trkpt lat="19.014430" lon="-99.205072">
        <ele>2335.000000</ele>
        <time>2021-04-10T15:24:32Z</time>
      </trkpt>
      <trkpt lat="19.014471" lon="-99.205078">
        <ele>2336.000000</ele>
        <time>2021-04-10T15:24:38Z</time>
      </trkpt>
      <trkpt lat="19.014572" lon="-99.205132">
        <ele>2337.000000</ele>
        <time>2021-04-10T15:24:46Z</time>
      </trkpt>
      <trkpt lat="19.014763" lon="-99.205107">
        <ele>2340.000000</ele>
        <time>2021-04-10T15:25:10Z</time>
      </trkpt>
      <trkpt lat="19.014787" lon="-99.205127">
        <ele>2340.000000</ele>
        <time>2021-04-10T15:25:15Z</time>
      </trkpt>
      <trkpt lat="19.014840" lon="-99.205132">
        <ele>2343.000000</ele>
        <time>2021-04-10T15:25:21Z</time>
      </trkpt>
      <trkpt lat="19.014884" lon="-99.205238">
        <ele>2344.000000</ele>
        <time>2021-04-10T15:25:29Z</time>
      </trkpt>
      <trkpt lat="19.014912" lon="-99.205280">
        <ele>2345.000000</ele>
        <time>2021-04-10T15:25:32Z</time>
      </trkpt>
      <trkpt lat="19.014940" lon="-99.205234">
        <ele>2343.000000</ele>
        <time>2021-04-10T15:25:38Z</time>
      </trkpt>
      <trkpt lat="19.014948" lon="-99.205191">
        <ele>2343.000000</ele>
        <time>2021-04-10T15:25:41Z</time>
      </trkpt>
      <trkpt lat="19.014940" lon="-99.205153">
        <ele>2343.000000</ele>
        <time>2021-04-10T15:25:44Z</time>
      </trkpt>
      <trkpt lat="19.014913" lon="-99.205120">
        <ele>2344.000000</ele>
        <time>2021-04-10T15:25:48Z</time>
      </trkpt>
      <trkpt lat="19.014941" lon="-99.205074">
        <ele>2345.000000</ele>
        <time>2021-04-10T15:25:54Z</time>
      </trkpt>
      <trkpt lat="19.014879" lon="-99.205049">
        <ele>2340.000000</ele>
        <time>2021-04-10T15:26:07Z</time>
      </trkpt>
      <trkpt lat="19.014882" lon="-99.205023">
        <ele>2346.000000</ele>
        <time>2021-04-10T15:26:12Z</time>
      </trkpt>
      <trkpt lat="19.014947" lon="-99.205012">
        <ele>2345.000000</ele>
        <time>2021-04-10T15:26:20Z</time>
      </trkpt>
      <trkpt lat="19.014996" lon="-99.205035">
        <ele>2341.000000</ele>
        <time>2021-04-10T15:26:40Z</time>
      </trkpt>
      <trkpt lat="19.015063" lon="-99.205000">
        <ele>2348.000000</ele>
        <time>2021-04-10T15:27:00Z</time>
      </trkpt>
      <trkpt lat="19.015175" lon="-99.205029">
        <ele>2345.000000</ele>
        <time>2021-04-10T15:27:11Z</time>
      </trkpt>
      <trkpt lat="19.015171" lon="-99.204993">
        <ele>2348.000000</ele>
        <time>2021-04-10T15:27:22Z</time>
      </trkpt>
      <trkpt lat="19.015250" lon="-99.204965">
        <ele>2350.000000</ele>
        <time>2021-04-10T15:27:34Z</time>
      </trkpt>
      <trkpt lat="19.015268" lon="-99.204998">
        <ele>2348.000000</ele>
        <time>2021-04-10T15:27:39Z</time>
      </trkpt>
      <trkpt lat="19.015319" lon="-99.205043">
        <ele>2350.000000</ele>
        <time>2021-04-10T15:27:50Z</time>
      </trkpt>
      <trkpt lat="19.015442" lon="-99.205063">
        <ele>2352.300000</ele>
        <time>2021-04-10T15:28:02Z</time>
      </trkpt>
      <trkpt lat="19.015445" lon="-99.205091">
        <ele>2352.000000</ele>
        <time>2021-04-10T15:28:05Z</time>
      </trkpt>
      <trkpt lat="19.015488" lon="-99.205108">
        <ele>2348.000000</ele>
        <time>2021-04-10T15:28:15Z</time>
      </trkpt>
      <trkpt lat="19.015496" lon="-99.205166">
        <ele>2352.000000</ele>
        <time>2021-04-10T15:28:30Z</time>
      </trkpt>
      <trkpt lat="19.015531" lon="-99.205196">
        <ele>2352.000000</ele>
        <time>2021-04-10T15:28:38Z</time>
      </trkpt>
      <trkpt lat="19.015540" lon="-99.205239">
        <ele>2352.000000</ele>
        <time>2021-04-10T15:28:41Z</time>
      </trkpt>
      <trkpt lat="19.015590" lon="-99.205248">
        <ele>2355.300000</ele>
        <time>2021-04-10T15:28:46Z</time>
      </trkpt>
      <trkpt lat="19.015716" lon="-99.205369">
        <ele>2355.000000</ele>
        <time>2021-04-10T15:29:00Z</time>
      </trkpt>
      <trkpt lat="19.015850" lon="-99.205461">
        <ele>2357.000000</ele>
        <time>2021-04-10T15:29:30Z</time>
      </trkpt>
      <trkpt lat="19.015836" lon="-99.205526">
        <ele>2361.500000</ele>
        <time>2021-04-10T15:29:46Z</time>
      </trkpt>
      <trkpt lat="19.015855" lon="-99.205520">
        <ele>2361.000000</ele>
        <time>2021-04-10T15:29:50Z</time>
      </trkpt>
      <trkpt lat="19.015897" lon="-99.205442">
        <ele>2361.000000</ele>
        <time>2021-04-10T15:30:03Z</time>
      </trkpt>
      <trkpt lat="19.015942" lon="-99.205427">
        <ele>2355.000000</ele>
        <time>2021-04-10T15:30:15Z</time>
      </trkpt>
      <trkpt lat="19.015980" lon="-99.205504">
        <ele>2362.000000</ele>
        <time>2021-04-10T15:30:36Z</time>
      </trkpt>
      <trkpt lat="19.016080" lon="-99.205508">
        <ele>2364.000000</ele>
        <time>2021-04-10T15:30:54Z</time>
      </trkpt>
      <trkpt lat="19.016113" lon="-99.205495">
        <ele>2364.000000</ele>
        <time>2021-04-10T15:30:57Z</time>
      </trkpt>
      <trkpt lat="19.016151" lon="-99.205499">
        <ele>2364.000000</ele>
        <time>2021-04-10T15:31:00Z</time>
      </trkpt>
      <trkpt lat="19.016207" lon="-99.205585">
        <ele>2364.000000</ele>
        <time>2021-04-10T15:31:13Z</time>
      </trkpt>
      <trkpt lat="19.016212" lon="-99.205623">
        <ele>2367.000000</ele>
        <time>2021-04-10T15:31:28Z</time>
      </trkpt>
      <trkpt lat="19.016178" lon="-99.205617">
        <ele>2366.000000</ele>
        <time>2021-04-10T15:31:35Z</time>
      </trkpt>
      <trkpt lat="19.016217" lon="-99.205590">
        <ele>2370.000000</ele>
        <time>2021-04-10T15:31:48Z</time>
      </trkpt>
      <trkpt lat="19.016221" lon="-99.205558">
        <ele>2370.000000</ele>
        <time>2021-04-10T15:31:53Z</time>
      </trkpt>
      <trkpt lat="19.016209" lon="-99.205523">
        <ele>2368.000000</ele>
        <time>2021-04-10T15:32:00Z</time>
      </trkpt>
      <trkpt lat="19.016268" lon="-99.205491">
        <ele>2371.000000</ele>
        <time>2021-04-10T15:32:16Z</time>
      </trkpt>
      <trkpt lat="19.016345" lon="-99.205535">
        <ele>2375.000000</ele>
        <time>2021-04-10T15:32:37Z</time>
      </trkpt>
      <trkpt lat="19.016377" lon="-99.205525">
        <ele>2373.000000</ele>
        <time>2021-04-10T15:32:43Z</time>
      </trkpt>
      <trkpt lat="19.016406" lon="-99.205542">
        <ele>2373.000000</ele>
        <time>2021-04-10T15:32:50Z</time>
      </trkpt>
      <trkpt lat="19.016446" lon="-99.205548">
        <ele>2376.000000</ele>
        <time>2021-04-10T15:32:58Z</time>
      </trkpt>
      <trkpt lat="19.016486" lon="-99.205602">
        <ele>2376.000000</ele>
        <time>2021-04-10T15:33:03Z</time>
      </trkpt>
      <trkpt lat="19.016500" lon="-99.205646">
        <ele>2376.000000</ele>
        <time>2021-04-10T15:33:05Z</time>
      </trkpt>
      <trkpt lat="19.016535" lon="-99.205660">
        <ele>2377.000000</ele>
        <time>2021-04-10T15:33:08Z</time>
      </trkpt>
      <trkpt lat="19.016582" lon="-99.205640">
        <ele>2376.000000</ele>
        <time>2021-04-10T15:33:17Z</time>
      </trkpt>
      <trkpt lat="19.016604" lon="-99.205664">
        <ele>2373.000000</ele>
        <time>2021-04-10T15:33:31Z</time>
      </trkpt>
      <trkpt lat="19.016650" lon="-99.205655">
        <ele>2376.000000</ele>
        <time>2021-04-10T15:33:46Z</time>
      </trkpt>
      <trkpt lat="19.016670" lon="-99.205694">
        <ele>2379.000000</ele>
        <time>2021-04-10T15:33:57Z</time>
      </trkpt>
      <trkpt lat="19.016691" lon="-99.205681">
        <ele>2379.000000</ele>
        <time>2021-04-10T15:34:03Z</time>
      </trkpt>
      <trkpt lat="19.016771" lon="-99.205679">
        <ele>2378.000000</ele>
        <time>2021-04-10T15:34:16Z</time>
      </trkpt>
      <trkpt lat="19.016828" lon="-99.205723">
        <ele>2376.000000</ele>
        <time>2021-04-10T15:34:23Z</time>
      </trkpt>
      <trkpt lat="19.016825" lon="-99.205802">
        <ele>2379.000000</ele>
        <time>2021-04-10T15:34:34Z</time>
      </trkpt>
      <trkpt lat="19.016837" lon="-99.205739">
        <ele>2380.000000</ele>
        <time>2021-04-10T15:34:43Z</time>
      </trkpt>
      <trkpt lat="19.016877" lon="-99.205676">
        <ele>2381.000000</ele>
        <time>2021-04-10T15:34:49Z</time>
      </trkpt>
      <trkpt lat="19.016942" lon="-99.205689">
        <ele>2382.000000</ele>
        <time>2021-04-10T15:34:55Z</time>
      </trkpt>
      <trkpt lat="19.016973" lon="-99.205716">
        <ele>2382.000000</ele>
        <time>2021-04-10T15:34:57Z</time>
      </trkpt>
      <trkpt lat="19.017057" lon="-99.205745">
        <ele>2380.000000</ele>
        <time>2021-04-10T15:35:02Z</time>
      </trkpt>
      <trkpt lat="19.017089" lon="-99.205774">
        <ele>2380.000000</ele>
        <time>2021-04-10T15:35:06Z</time>
      </trkpt>
      <trkpt lat="19.017028" lon="-99.205831">
        <ele>2380.000000</ele>
        <time>2021-04-10T15:35:13Z</time>
      </trkpt>
      <trkpt lat="19.017083" lon="-99.205890">
        <ele>2383.000000</ele>
        <time>2021-04-10T15:35:21Z</time>
      </trkpt>
      <trkpt lat="19.017074" lon="-99.205929">
        <ele>2382.000000</ele>
        <time>2021-04-10T15:35:26Z</time>
      </trkpt>
      <trkpt lat="19.017037" lon="-99.205862">
        <ele>2385.000000</ele>
        <time>2021-04-10T15:35:38Z</time>
      </trkpt>
      <trkpt lat="19.017071" lon="-99.205790">
        <ele>2376.000000</ele>
        <time>2021-04-10T15:35:48Z</time>
      </trkpt>
      <trkpt lat="19.017058" lon="-99.205818">
        <ele>2376.000000</ele>
        <time>2021-04-10T15:36:00Z</time>
      </trkpt>
      <trkpt lat="19.017056" lon="-99.205793">
        <ele>2384.000000</ele>
        <time>2021-04-10T15:36:08Z</time>
      </trkpt>
      <trkpt lat="19.017091" lon="-99.205740">
        <ele>2385.000000</ele>
        <time>2021-04-10T15:36:18Z</time>
      </trkpt>
      <trkpt lat="19.017159" lon="-99.205724">
        <ele>2385.000000</ele>
        <time>2021-04-10T15:36:31Z</time>
      </trkpt>
      <trkpt lat="19.017206" lon="-99.205669">
        <ele>2388.000000</ele>
        <time>2021-04-10T15:36:41Z</time>
      </trkpt>
      <trkpt lat="19.017233" lon="-99.205699">
        <ele>2388.000000</ele>
        <time>2021-04-10T15:36:45Z</time>
      </trkpt>
      <trkpt lat="19.017279" lon="-99.205797">
        <ele>2388.000000</ele>
        <time>2021-04-10T15:36:53Z</time>
      </trkpt>
      <trkpt lat="19.017298" lon="-99.205777">
        <ele>2388.000000</ele>
        <time>2021-04-10T15:36:57Z</time>
      </trkpt>
      <trkpt lat="19.017323" lon="-99.205836">
        <ele>2388.000000</ele>
        <time>2021-04-10T15:37:04Z</time>
      </trkpt>
      <trkpt lat="19.017380" lon="-99.205891">
        <ele>2386.000000</ele>
        <time>2021-04-10T15:37:17Z</time>
      </trkpt>
      <trkpt lat="19.017522" lon="-99.205849">
        <ele>2390.000000</ele>
        <time>2021-04-10T15:37:38Z</time>
      </trkpt>
      <trkpt lat="19.017546" lon="-99.205892">
        <ele>2394.000000</ele>
        <time>2021-04-10T15:37:46Z</time>
      </trkpt>
      <trkpt lat="19.017583" lon="-99.205917">
        <ele>2394.000000</ele>
        <time>2021-04-10T15:37:54Z</time>
      </trkpt>
      <trkpt lat="19.017627" lon="-99.205876">
        <ele>2394.000000</ele>
        <time>2021-04-10T15:38:02Z</time>
      </trkpt>
      <trkpt lat="19.017666" lon="-99.205859">
        <ele>2394.000000</ele>
        <time>2021-04-10T15:38:07Z</time>
      </trkpt>
      <trkpt lat="19.017629" lon="-99.205915">
        <ele>2394.000000</ele>
        <time>2021-04-10T15:38:19Z</time>
      </trkpt>
      <trkpt lat="19.017623" lon="-99.205981">
        <ele>2395.000000</ele>
        <time>2021-04-10T15:38:29Z</time>
      </trkpt>
      <trkpt lat="19.017670" lon="-99.206150">
        <ele>2396.000000</ele>
        <time>2021-04-10T15:38:51Z</time>
      </trkpt>
      <trkpt lat="19.017714" lon="-99.206254">
        <ele>2396.000000</ele>
        <time>2021-04-10T15:39:03Z</time>
      </trkpt>
      <trkpt lat="19.017719" lon="-99.206299">
        <ele>2396.000000</ele>
        <time>2021-04-10T15:39:14Z</time>
      </trkpt>
      <trkpt lat="19.017785" lon="-99.206356">
        <ele>2398.000000</ele>
        <time>2021-04-10T15:39:29Z</time>
      </trkpt>
      <trkpt lat="19.017852" lon="-99.206378">
        <ele>2398.000000</ele>
        <time>2021-04-10T15:39:40Z</time>
      </trkpt>
      <trkpt lat="19.017887" lon="-99.206400">
        <ele>2400.000000</ele>
        <time>2021-04-10T15:39:45Z</time>
      </trkpt>
      <trkpt lat="19.017933" lon="-99.206380">
        <ele>2400.000000</ele>
        <time>2021-04-10T15:39:51Z</time>
      </trkpt>
      <trkpt lat="19.017977" lon="-99.206420">
        <ele>2400.000000</ele>
        <time>2021-04-10T15:40:00Z</time>
      </trkpt>
      <trkpt lat="19.018027" lon="-99.206628">
        <ele>2402.000000</ele>
        <time>2021-04-10T15:40:17Z</time>
      </trkpt>
      <trkpt lat="19.018079" lon="-99.206705">
        <ele>2400.000000</ele>
        <time>2021-04-10T15:40:27Z</time>
      </trkpt>
      <trkpt lat="19.018092" lon="-99.206788">
        <ele>2402.000000</ele>
        <time>2021-04-10T15:40:34Z</time>
      </trkpt>
      <trkpt lat="19.018158" lon="-99.206860">
        <ele>2400.000000</ele>
        <time>2021-04-10T15:40:40Z</time>
      </trkpt>
      <trkpt lat="19.018192" lon="-99.206868">
        <ele>2404.000000</ele>
        <time>2021-04-10T15:40:44Z</time>
      </trkpt>
      <trkpt lat="19.018236" lon="-99.206863">
        <ele>2403.000000</ele>
        <time>2021-04-10T15:40:46Z</time>
      </trkpt>
      <trkpt lat="19.018300" lon="-99.206834">
        <ele>2403.000000</ele>
        <time>2021-04-10T15:40:55Z</time>
      </trkpt>
      <trkpt lat="19.018335" lon="-99.206830">
        <ele>2403.000000</ele>
        <time>2021-04-10T15:40:58Z</time>
      </trkpt>
      <trkpt lat="19.018428" lon="-99.206845">
        <ele>2406.000000</ele>
        <time>2021-04-10T15:41:07Z</time>
      </trkpt>
      <trkpt lat="19.018464" lon="-99.206842">
        <ele>2405.000000</ele>
        <time>2021-04-10T15:41:14Z</time>
      </trkpt>
      <trkpt lat="19.018499" lon="-99.206909">
        <ele>2405.000000</ele>
        <time>2021-04-10T15:41:24Z</time>
      </trkpt>
      <trkpt lat="19.018556" lon="-99.206957">
        <ele>2407.000000</ele>
        <time>2021-04-10T15:41:31Z</time>
      </trkpt>
      <trkpt lat="19.018753" lon="-99.206990">
        <ele>2412.000000</ele>
        <time>2021-04-10T15:41:57Z</time>
      </trkpt>
      <trkpt lat="19.018789" lon="-99.207010">
        <ele>2412.700000</ele>
        <time>2021-04-10T15:42:01Z</time>
      </trkpt>
      <trkpt lat="19.018960" lon="-99.207012">
        <ele>2412.000000</ele>
        <time>2021-04-10T15:42:14Z</time>
      </trkpt>
      <trkpt lat="19.018978" lon="-99.206973">
        <ele>2412.000000</ele>
        <time>2021-04-10T15:42:21Z</time>
      </trkpt>
      <trkpt lat="19.019023" lon="-99.207023">
        <ele>2415.000000</ele>
        <time>2021-04-10T15:42:29Z</time>
      </trkpt>
      <trkpt lat="19.019027" lon="-99.207077">
        <ele>2415.000000</ele>
        <time>2021-04-10T15:42:34Z</time>
      </trkpt>
      <trkpt lat="19.019063" lon="-99.207116">
        <ele>2415.000000</ele>
        <time>2021-04-10T15:42:40Z</time>
      </trkpt>
      <trkpt lat="19.019131" lon="-99.207142">
        <ele>2418.000000</ele>
        <time>2021-04-10T15:42:50Z</time>
      </trkpt>
      <trkpt lat="19.019126" lon="-99.207229">
        <ele>2418.000000</ele>
        <time>2021-04-10T15:42:58Z</time>
      </trkpt>
      <trkpt lat="19.019180" lon="-99.207292">
        <ele>2418.000000</ele>
        <time>2021-04-10T15:43:12Z</time>
      </trkpt>
      <trkpt lat="19.019251" lon="-99.207288">
        <ele>2421.000000</ele>
        <time>2021-04-10T15:43:18Z</time>
      </trkpt>
      <trkpt lat="19.019288" lon="-99.207301">
        <ele>2423.000000</ele>
        <time>2021-04-10T15:43:21Z</time>
      </trkpt>
      <trkpt lat="19.019318" lon="-99.207319">
        <ele>2424.000000</ele>
        <time>2021-04-10T15:43:25Z</time>
      </trkpt>
      <trkpt lat="19.019406" lon="-99.207410">
        <ele>2429.000000</ele>
        <time>2021-04-10T15:43:37Z</time>
      </trkpt>
      <trkpt lat="19.019440" lon="-99.207410">
        <ele>2432.200000</ele>
        <time>2021-04-10T15:43:51Z</time>
      </trkpt>
      <trkpt lat="19.019499" lon="-99.207475">
        <ele>2433.000000</ele>
        <time>2021-04-10T15:44:12Z</time>
      </trkpt>
      <trkpt lat="19.019507" lon="-99.207511">
        <ele>2436.000000</ele>
        <time>2021-04-10T15:44:17Z</time>
      </trkpt>
      <trkpt lat="19.019502" lon="-99.207544">
        <ele>2436.000000</ele>
        <time>2021-04-10T15:44:21Z</time>
      </trkpt>
      <trkpt lat="19.019710" lon="-99.207802">
        <ele>2444.000000</ele>
        <time>2021-04-10T15:45:03Z</time>
      </trkpt>
      <trkpt lat="19.019807" lon="-99.207850">
        <ele>2444.000000</ele>
        <time>2021-04-10T15:45:15Z</time>
      </trkpt>
      <trkpt lat="19.019880" lon="-99.207856">
        <ele>2446.100000</ele>
        <time>2021-04-10T15:45:23Z</time>
      </trkpt>
      <trkpt lat="19.020029" lon="-99.207927">
        <ele>2447.000000</ele>
        <time>2021-04-10T15:45:38Z</time>
      </trkpt>
      <trkpt lat="19.020074" lon="-99.207966">
        <ele>2448.000000</ele>
        <time>2021-04-10T15:45:47Z</time>
      </trkpt>
      <trkpt lat="19.020209" lon="-99.207877">
        <ele>2454.000000</ele>
        <time>2021-04-10T15:46:07Z</time>
      </trkpt>
      <trkpt lat="19.020249" lon="-99.207887">
        <ele>2448.000000</ele>
        <time>2021-04-10T15:46:16Z</time>
      </trkpt>
      <trkpt lat="19.020279" lon="-99.207882">
        <ele>2454.000000</ele>
        <time>2021-04-10T15:46:23Z</time>
      </trkpt>
      <trkpt lat="19.020401" lon="-99.207828">
        <ele>2456.000000</ele>
        <time>2021-04-10T15:46:38Z</time>
      </trkpt>
      <trkpt lat="19.020473" lon="-99.207820">
        <ele>2457.000000</ele>
        <time>2021-04-10T15:46:46Z</time>
      </trkpt>
      <trkpt lat="19.020555" lon="-99.207785">
        <ele>2462.000000</ele>
        <time>2021-04-10T15:46:57Z</time>
      </trkpt>
      <trkpt lat="19.020604" lon="-99.207798">
        <ele>2461.000000</ele>
        <time>2021-04-10T15:47:04Z</time>
      </trkpt>
      <trkpt lat="19.020670" lon="-99.207799">
        <ele>2464.000000</ele>
        <time>2021-04-10T15:47:26Z</time>
      </trkpt>
      <trkpt lat="19.020735" lon="-99.207824">
        <ele>2466.000000</ele>
        <time>2021-04-10T15:47:39Z</time>
      </trkpt>
      <trkpt lat="19.020776" lon="-99.207865">
        <ele>2468.000000</ele>
        <time>2021-04-10T15:47:47Z</time>
      </trkpt>
      <trkpt lat="19.020819" lon="-99.207879">
        <ele>2468.000000</ele>
        <time>2021-04-10T15:47:54Z</time>
      </trkpt>
      <trkpt lat="19.020863" lon="-99.207924">
        <ele>2470.000000</ele>
        <time>2021-04-10T15:48:01Z</time>
      </trkpt>
      <trkpt lat="19.020942" lon="-99.207980">
        <ele>2470.000000</ele>
        <time>2021-04-10T15:48:16Z</time>
      </trkpt>
      <trkpt lat="19.020986" lon="-99.208030">
        <ele>2470.000000</ele>
        <time>2021-04-10T15:48:27Z</time>
      </trkpt>
      <trkpt lat="19.021109" lon="-99.208110">
        <ele>2475.000000</ele>
        <time>2021-04-10T15:48:54Z</time>
      </trkpt>
      <trkpt lat="19.021255" lon="-99.208150">
        <ele>2475.000000</ele>
        <time>2021-04-10T15:49:09Z</time>
      </trkpt>
      <trkpt lat="19.021345" lon="-99.208237">
        <ele>2479.000000</ele>
        <time>2021-04-10T15:49:23Z</time>
      </trkpt>
      <trkpt lat="19.021533" lon="-99.208278">
        <ele>2480.000000</ele>
        <time>2021-04-10T15:49:39Z</time>
      </trkpt>
      <trkpt lat="19.021630" lon="-99.208323">
        <ele>2481.000000</ele>
        <time>2021-04-10T15:49:48Z</time>
      </trkpt>
      <trkpt lat="19.021713" lon="-99.208397">
        <ele>2484.000000</ele>
        <time>2021-04-10T15:49:57Z</time>
      </trkpt>
      <trkpt lat="19.021745" lon="-99.208410">
        <ele>2484.000000</ele>
        <time>2021-04-10T15:50:00Z</time>
      </trkpt>
      <trkpt lat="19.021816" lon="-99.208411">
        <ele>2484.000000</ele>
        <time>2021-04-10T15:50:06Z</time>
      </trkpt>
      <trkpt lat="19.021966" lon="-99.208440">
        <ele>2486.000000</ele>
        <time>2021-04-10T15:50:17Z</time>
      </trkpt>
      <trkpt lat="19.022061" lon="-99.208433">
        <ele>2485.000000</ele>
        <time>2021-04-10T15:50:26Z</time>
      </trkpt>
      <trkpt lat="19.022133" lon="-99.208455">
        <ele>2490.000000</ele>
        <time>2021-04-10T15:50:33Z</time>
      </trkpt>
      <trkpt lat="19.022334" lon="-99.208458">
        <ele>2492.000000</ele>
        <time>2021-04-10T15:50:49Z</time>
      </trkpt>
      <trkpt lat="19.022488" lon="-99.208478">
        <ele>2495.000000</ele>
        <time>2021-04-10T15:51:07Z</time>
      </trkpt>
      <trkpt lat="19.022593" lon="-99.208463">
        <ele>2496.000000</ele>
        <time>2021-04-10T15:51:18Z</time>
      </trkpt>
      <trkpt lat="19.022696" lon="-99.208380">
        <ele>2496.000000</ele>
        <time>2021-04-10T15:51:33Z</time>
      </trkpt>
      <trkpt lat="19.022744" lon="-99.208380">
        <ele>2484.000000</ele>
        <time>2021-04-10T15:51:44Z</time>
      </trkpt>
      <trkpt lat="19.022820" lon="-99.208408">
        <ele>2496.100000</ele>
        <time>2021-04-10T15:52:01Z</time>
      </trkpt>
      <trkpt lat="19.022874" lon="-99.208379">
        <ele>2492.000000</ele>
        <time>2021-04-10T15:52:08Z</time>
      </trkpt>
      <trkpt lat="19.022913" lon="-99.208372">
        <ele>2495.000000</ele>
        <time>2021-04-10T15:52:12Z</time>
      </trkpt>
      <trkpt lat="19.023007" lon="-99.208420">
        <ele>2496.000000</ele>
        <time>2021-04-10T15:52:22Z</time>
      </trkpt>
      <trkpt lat="19.023081" lon="-99.208423">
        <ele>2490.000000</ele>
        <time>2021-04-10T15:52:34Z</time>
      </trkpt>
      <trkpt lat="19.023159" lon="-99.208312">
        <ele>2500.500000</ele>
        <time>2021-04-10T15:52:52Z</time>
      </trkpt>
      <trkpt lat="19.023105" lon="-99.208304">
        <ele>2484.000000</ele>
        <time>2021-04-10T15:53:08Z</time>
      </trkpt>
      <trkpt lat="19.023103" lon="-99.208217">
        <ele>2507.000000</ele>
        <time>2021-04-10T15:53:53Z</time>
      </trkpt>
      <trkpt lat="19.023081" lon="-99.208270">
        <ele>2515.000000</ele>
        <time>2021-04-10T15:54:30Z</time>
      </trkpt>
      <trkpt lat="19.023089" lon="-99.208296">
        <ele>2513.000000</ele>
        <time>2021-04-10T15:54:47Z</time>
      </trkpt>
      <trkpt lat="19.023038" lon="-99.208277">
        <ele>2514.000000</ele>
        <time>2021-04-10T15:54:55Z</time>
      </trkpt>
      <trkpt lat="19.023063" lon="-99.208271">
        <ele>2511.000000</ele>
        <time>2021-04-10T15:55:22Z</time>
      </trkpt>
      <trkpt lat="19.023124" lon="-99.208281">
        <ele>2514.000000</ele>
        <time>2021-04-10T15:56:10Z</time>
      </trkpt>
      <trkpt lat="19.023115" lon="-99.208308">
        <ele>2494.000000</ele>
        <time>2021-04-10T15:56:31Z</time>
      </trkpt>
      <trkpt lat="19.023142" lon="-99.208330">
        <ele>2515.000000</ele>
        <time>2021-04-10T15:56:53Z</time>
      </trkpt>
      <trkpt lat="19.023126" lon="-99.208377">
        <ele>2516.000000</ele>
        <time>2021-04-10T15:57:04Z</time>
      </trkpt>
      <trkpt lat="19.023133" lon="-99.208467">
        <ele>2512.000000</ele>
        <time>2021-04-10T15:57:17Z</time>
      </trkpt>
      <trkpt lat="19.023103" lon="-99.208547">
        <ele>2516.000000</ele>
        <time>2021-04-10T15:57:45Z</time>
      </trkpt>
      <trkpt lat="19.023100" lon="-99.208595">
        <ele>2510.000000</ele>
        <time>2021-04-10T15:57:59Z</time>
      </trkpt>
      <trkpt lat="19.023141" lon="-99.208608">
        <ele>2507.000000</ele>
        <time>2021-04-10T15:58:15Z</time>
      </trkpt>
      <trkpt lat="19.023061" lon="-99.208671">
        <ele>2512.000000</ele>
        <time>2021-04-10T15:58:48Z</time>
      </trkpt>
      <trkpt lat="19.023020" lon="-99.208681">
        <ele>2506.000000</ele>
        <time>2021-04-10T15:58:59Z</time>
      </trkpt>
      <trkpt lat="19.022981" lon="-99.208668">
        <ele>2507.000000</ele>
        <time>2021-04-10T15:59:07Z</time>
      </trkpt>
      <trkpt lat="19.022951" lon="-99.208715">
        <ele>2504.000000</ele>
        <time>2021-04-10T15:59:13Z</time>
      </trkpt>
      <trkpt lat="19.022828" lon="-99.208803">
        <ele>2508.000000</ele>
        <time>2021-04-10T15:59:28Z</time>
      </trkpt>
      <trkpt lat="19.022800" lon="-99.208859">
        <ele>2508.000000</ele>
        <time>2021-04-10T16:00:04Z</time>
      </trkpt>
      <trkpt lat="19.022739" lon="-99.208902">
        <ele>2508.000000</ele>
        <time>2021-04-10T16:00:10Z</time>
      </trkpt>
      <trkpt lat="19.022667" lon="-99.208994">
        <ele>2509.000000</ele>
        <time>2021-04-10T16:00:19Z</time>
      </trkpt>
      <trkpt lat="19.022610" lon="-99.209021">
        <ele>2508.000000</ele>
        <time>2021-04-10T16:00:24Z</time>
      </trkpt>
      <trkpt lat="19.022537" lon="-99.209100">
        <ele>2508.000000</ele>
        <time>2021-04-10T16:00:35Z</time>
      </trkpt>
      <trkpt lat="19.022502" lon="-99.209119">
        <ele>2508.000000</ele>
        <time>2021-04-10T16:00:38Z</time>
      </trkpt>
      <trkpt lat="19.022433" lon="-99.209134">
        <ele>2508.000000</ele>
        <time>2021-04-10T16:00:42Z</time>
      </trkpt>
      <trkpt lat="19.022407" lon="-99.209161">
        <ele>2509.000000</ele>
        <time>2021-04-10T16:00:45Z</time>
      </trkpt>
      <trkpt lat="19.022350" lon="-99.209275">
        <ele>2508.000000</ele>
        <time>2021-04-10T16:00:53Z</time>
      </trkpt>
      <trkpt lat="19.022317" lon="-99.209295">
        <ele>2508.000000</ele>
        <time>2021-04-10T16:00:56Z</time>
      </trkpt>
      <trkpt lat="19.022285" lon="-99.209407">
        <ele>2508.000000</ele>
        <time>2021-04-10T16:01:05Z</time>
      </trkpt>
      <trkpt lat="19.022231" lon="-99.209524">
        <ele>2505.000000</ele>
        <time>2021-04-10T16:01:18Z</time>
      </trkpt>
      <trkpt lat="19.022112" lon="-99.209710">
        <ele>2502.000000</ele>
        <time>2021-04-10T16:01:32Z</time>
      </trkpt>
      <trkpt lat="19.021998" lon="-99.209802">
        <ele>2500.000000</ele>
        <time>2021-04-10T16:01:40Z</time>
      </trkpt>
      <trkpt lat="19.021964" lon="-99.209921">
        <ele>2502.000000</ele>
        <time>2021-04-10T16:01:48Z</time>
      </trkpt>
      <trkpt lat="19.021940" lon="-99.209953">
        <ele>2502.000000</ele>
        <time>2021-04-10T16:01:51Z</time>
      </trkpt>
      <trkpt lat="19.021647" lon="-99.210193">
        <ele>2500.000000</ele>
        <time>2021-04-10T16:02:27Z</time>
      </trkpt>
      <trkpt lat="19.021695" lon="-99.210172">
        <ele>2500.000000</ele>
        <time>2021-04-10T16:02:38Z</time>
      </trkpt>
      <trkpt lat="19.021770" lon="-99.210114">
        <ele>2500.000000</ele>
        <time>2021-04-10T16:02:45Z</time>
      </trkpt>
      <trkpt lat="19.021860" lon="-99.209993">
        <ele>2502.000000</ele>
        <time>2021-04-10T16:02:59Z</time>
      </trkpt>
      <trkpt lat="19.021910" lon="-99.209860">
        <ele>2502.000000</ele>
        <time>2021-04-10T16:03:10Z</time>
      </trkpt>
      <trkpt lat="19.021995" lon="-99.209786">
        <ele>2502.000000</ele>
        <time>2021-04-10T16:03:17Z</time>
      </trkpt>
      <trkpt lat="19.022047" lon="-99.209678">
        <ele>2502.000000</ele>
        <time>2021-04-10T16:03:25Z</time>
      </trkpt>
      <trkpt lat="19.022111" lon="-99.209574">
        <ele>2504.000000</ele>
        <time>2021-04-10T16:03:36Z</time>
      </trkpt>
      <trkpt lat="19.022099" lon="-99.209528">
        <ele>2504.000000</ele>
        <time>2021-04-10T16:03:41Z</time>
      </trkpt>
      <trkpt lat="19.022078" lon="-99.209506">
        <ele>2505.000000</ele>
        <time>2021-04-10T16:03:44Z</time>
      </trkpt>
      <trkpt lat="19.022045" lon="-99.209491">
        <ele>2505.000000</ele>
        <time>2021-04-10T16:03:47Z</time>
      </trkpt>
      <trkpt lat="19.021946" lon="-99.209488">
        <ele>2500.000000</ele>
        <time>2021-04-10T16:03:59Z</time>
      </trkpt>
      <trkpt lat="19.021885" lon="-99.209461">
        <ele>2500.000000</ele>
        <time>2021-04-10T16:04:09Z</time>
      </trkpt>
      <trkpt lat="19.021752" lon="-99.209435">
        <ele>2499.000000</ele>
        <time>2021-04-10T16:04:22Z</time>
      </trkpt>
      <trkpt lat="19.021604" lon="-99.209454">
        <ele>2496.000000</ele>
        <time>2021-04-10T16:04:31Z</time>
      </trkpt>
      <trkpt lat="19.021227" lon="-99.209681">
        <ele>2493.000000</ele>
        <time>2021-04-10T16:05:04Z</time>
      </trkpt>
      <trkpt lat="19.020934" lon="-99.209832">
        <ele>2488.000000</ele>
        <time>2021-04-10T16:05:34Z</time>
      </trkpt>
      <trkpt lat="19.020832" lon="-99.209853">
        <ele>2484.000000</ele>
        <time>2021-04-10T16:05:43Z</time>
      </trkpt>
      <trkpt lat="19.020769" lon="-99.209837">
        <ele>2482.000000</ele>
        <time>2021-04-10T16:05:51Z</time>
      </trkpt>
      <trkpt lat="19.020725" lon="-99.209784">
        <ele>2481.000000</ele>
        <time>2021-04-10T16:05:57Z</time>
      </trkpt>
      <trkpt lat="19.020560" lon="-99.209678">
        <ele>2478.000000</ele>
        <time>2021-04-10T16:06:13Z</time>
      </trkpt>
      <trkpt lat="19.020376" lon="-99.209602">
        <ele>2476.000000</ele>
        <time>2021-04-10T16:06:28Z</time>
      </trkpt>
      <trkpt lat="19.020231" lon="-99.209608">
        <ele>2475.000000</ele>
        <time>2021-04-10T16:06:40Z</time>
      </trkpt>
      <trkpt lat="19.020195" lon="-99.209600">
        <ele>2473.000000</ele>
        <time>2021-04-10T16:06:43Z</time>
      </trkpt>
      <trkpt lat="19.020169" lon="-99.209574">
        <ele>2472.000000</ele>
        <time>2021-04-10T16:06:46Z</time>
      </trkpt>
      <trkpt lat="19.020148" lon="-99.209483">
        <ele>2472.000000</ele>
        <time>2021-04-10T16:06:55Z</time>
      </trkpt>
      <trkpt lat="19.019969" lon="-99.209331">
        <ele>2467.000000</ele>
        <time>2021-04-10T16:07:12Z</time>
      </trkpt>
      <trkpt lat="19.019932" lon="-99.209270">
        <ele>2466.000000</ele>
        <time>2021-04-10T16:07:17Z</time>
      </trkpt>
      <trkpt lat="19.019918" lon="-99.209208">
        <ele>2466.000000</ele>
        <time>2021-04-10T16:07:24Z</time>
      </trkpt>
      <trkpt lat="19.019891" lon="-99.209174">
        <ele>2466.000000</ele>
        <time>2021-04-10T16:07:27Z</time>
      </trkpt>
      <trkpt lat="19.019829" lon="-99.209139">
        <ele>2463.000000</ele>
        <time>2021-04-10T16:07:33Z</time>
      </trkpt>
      <trkpt lat="19.019762" lon="-99.209132">
        <ele>2464.000000</ele>
        <time>2021-04-10T16:07:38Z</time>
      </trkpt>
      <trkpt lat="19.019599" lon="-99.209050">
        <ele>2462.000000</ele>
        <time>2021-04-10T16:07:50Z</time>
      </trkpt>
      <trkpt lat="19.019523" lon="-99.209062">
        <ele>2461.000000</ele>
        <time>2021-04-10T16:07:59Z</time>
      </trkpt>
      <trkpt lat="19.019448" lon="-99.209041">
        <ele>2460.000000</ele>
        <time>2021-04-10T16:08:04Z</time>
      </trkpt>
      <trkpt lat="19.019398" lon="-99.208966">
        <ele>2457.000000</ele>
        <time>2021-04-10T16:08:13Z</time>
      </trkpt>
      <trkpt lat="19.019301" lon="-99.208886">
        <ele>2456.000000</ele>
        <time>2021-04-10T16:08:28Z</time>
      </trkpt>
      <trkpt lat="19.019144" lon="-99.208719">
        <ele>2454.000000</ele>
        <time>2021-04-10T16:08:46Z</time>
      </trkpt>
      <trkpt lat="19.019104" lon="-99.208717">
        <ele>2448.000000</ele>
        <time>2021-04-10T16:08:52Z</time>
      </trkpt>
      <trkpt lat="19.019050" lon="-99.208695">
        <ele>2454.000000</ele>
        <time>2021-04-10T16:09:02Z</time>
      </trkpt>
      <trkpt lat="19.019011" lon="-99.208702">
        <ele>2454.000000</ele>
        <time>2021-04-10T16:09:05Z</time>
      </trkpt>
      <trkpt lat="19.018900" lon="-99.208769">
        <ele>2454.000000</ele>
        <time>2021-04-10T16:09:15Z</time>
      </trkpt>
      <trkpt lat="19.018874" lon="-99.208796">
        <ele>2454.000000</ele>
        <time>2021-04-10T16:09:17Z</time>
      </trkpt>
      <trkpt lat="19.018838" lon="-99.208810">
        <ele>2452.000000</ele>
        <time>2021-04-10T16:09:20Z</time>
      </trkpt>
      <trkpt lat="19.018756" lon="-99.208809">
        <ele>2451.000000</ele>
        <time>2021-04-10T16:09:25Z</time>
      </trkpt>
      <trkpt lat="19.018693" lon="-99.208838">
        <ele>2451.000000</ele>
        <time>2021-04-10T16:09:30Z</time>
      </trkpt>
      <trkpt lat="19.018645" lon="-99.208797">
        <ele>2450.000000</ele>
        <time>2021-04-10T16:09:35Z</time>
      </trkpt>
      <trkpt lat="19.018608" lon="-99.208732">
        <ele>2448.000000</ele>
        <time>2021-04-10T16:09:39Z</time>
      </trkpt>
      <trkpt lat="19.018547" lon="-99.208753">
        <ele>2448.000000</ele>
        <time>2021-04-10T16:09:44Z</time>
      </trkpt>
      <trkpt lat="19.018459" lon="-99.208707">
        <ele>2445.000000</ele>
        <time>2021-04-10T16:09:49Z</time>
      </trkpt>
      <trkpt lat="19.018353" lon="-99.208684">
        <ele>2444.000000</ele>
        <time>2021-04-10T16:09:59Z</time>
      </trkpt>
      <trkpt lat="19.018316" lon="-99.208639">
        <ele>2442.000000</ele>
        <time>2021-04-10T16:10:04Z</time>
      </trkpt>
      <trkpt lat="19.018285" lon="-99.208620">
        <ele>2442.000000</ele>
        <time>2021-04-10T16:10:07Z</time>
      </trkpt>
      <trkpt lat="19.018248" lon="-99.208613">
        <ele>2440.000000</ele>
        <time>2021-04-10T16:10:10Z</time>
      </trkpt>
      <trkpt lat="19.018190" lon="-99.208547">
        <ele>2439.000000</ele>
        <time>2021-04-10T16:10:20Z</time>
      </trkpt>
      <trkpt lat="19.018173" lon="-99.208553">
        <ele>2437.000000</ele>
        <time>2021-04-10T16:10:23Z</time>
      </trkpt>
      <trkpt lat="19.018106" lon="-99.208533">
        <ele>2435.000000</ele>
        <time>2021-04-10T16:10:33Z</time>
      </trkpt>
      <trkpt lat="19.018041" lon="-99.208530">
        <ele>2433.000000</ele>
        <time>2021-04-10T16:10:46Z</time>
      </trkpt>
      <trkpt lat="19.017983" lon="-99.208562">
        <ele>2433.000000</ele>
        <time>2021-04-10T16:10:52Z</time>
      </trkpt>
      <trkpt lat="19.017875" lon="-99.208582">
        <ele>2433.000000</ele>
        <time>2021-04-10T16:11:01Z</time>
      </trkpt>
      <trkpt lat="19.017789" lon="-99.208693">
        <ele>2432.000000</ele>
        <time>2021-04-10T16:11:10Z</time>
      </trkpt>
      <trkpt lat="19.017709" lon="-99.208817">
        <ele>2430.000000</ele>
        <time>2021-04-10T16:11:20Z</time>
      </trkpt>
      <trkpt lat="19.017615" lon="-99.208869">
        <ele>2428.000000</ele>
        <time>2021-04-10T16:11:27Z</time>
      </trkpt>
      <trkpt lat="19.017516" lon="-99.208974">
        <ele>2426.000000</ele>
        <time>2021-04-10T16:11:37Z</time>
      </trkpt>
      <trkpt lat="19.017432" lon="-99.208993">
        <ele>2422.000000</ele>
        <time>2021-04-10T16:11:44Z</time>
      </trkpt>
      <trkpt lat="19.017215" lon="-99.209088">
        <ele>2420.000000</ele>
        <time>2021-04-10T16:12:08Z</time>
      </trkpt>
      <trkpt lat="19.017175" lon="-99.209089">
        <ele>2418.000000</ele>
        <time>2021-04-10T16:12:12Z</time>
      </trkpt>
      <trkpt lat="19.017118" lon="-99.209070">
        <ele>2420.000000</ele>
        <time>2021-04-10T16:12:20Z</time>
      </trkpt>
      <trkpt lat="19.017052" lon="-99.209068">
        <ele>2418.000000</ele>
        <time>2021-04-10T16:12:30Z</time>
      </trkpt>
      <trkpt lat="19.016948" lon="-99.209089">
        <ele>2418.000000</ele>
        <time>2021-04-10T16:12:38Z</time>
      </trkpt>
      <trkpt lat="19.016885" lon="-99.209115">
        <ele>2416.000000</ele>
        <time>2021-04-10T16:12:45Z</time>
      </trkpt>
      <trkpt lat="19.016792" lon="-99.209124">
        <ele>2414.000000</ele>
        <time>2021-04-10T16:12:52Z</time>
      </trkpt>
      <trkpt lat="19.016746" lon="-99.209141">
        <ele>2414.000000</ele>
        <time>2021-04-10T16:12:56Z</time>
      </trkpt>
      <trkpt lat="19.016642" lon="-99.209248">
        <ele>2414.000000</ele>
        <time>2021-04-10T16:13:06Z</time>
      </trkpt>
      <trkpt lat="19.016586" lon="-99.209283">
        <ele>2412.000000</ele>
        <time>2021-04-10T16:13:12Z</time>
      </trkpt>
      <trkpt lat="19.016573" lon="-99.209318">
        <ele>2412.000000</ele>
        <time>2021-04-10T16:13:17Z</time>
      </trkpt>
      <trkpt lat="19.016543" lon="-99.209343">
        <ele>2412.000000</ele>
        <time>2021-04-10T16:13:20Z</time>
      </trkpt>
      <trkpt lat="19.016472" lon="-99.209353">
        <ele>2411.000000</ele>
        <time>2021-04-10T16:13:25Z</time>
      </trkpt>
      <trkpt lat="19.016393" lon="-99.209218">
        <ele>2410.000000</ele>
        <time>2021-04-10T16:13:40Z</time>
      </trkpt>
      <trkpt lat="19.016363" lon="-99.209010">
        <ele>2406.000000</ele>
        <time>2021-04-10T16:13:56Z</time>
      </trkpt>
      <trkpt lat="19.016274" lon="-99.208731">
        <ele>2400.000000</ele>
        <time>2021-04-10T16:14:18Z</time>
      </trkpt>
      <trkpt lat="19.016217" lon="-99.208620">
        <ele>2400.000000</ele>
        <time>2021-04-10T16:14:27Z</time>
      </trkpt>
      <trkpt lat="19.016201" lon="-99.208558">
        <ele>2398.000000</ele>
        <time>2021-04-10T16:14:30Z</time>
      </trkpt>
      <trkpt lat="19.016150" lon="-99.208466">
        <ele>2397.000000</ele>
        <time>2021-04-10T16:14:38Z</time>
      </trkpt>
      <trkpt lat="19.016093" lon="-99.208431">
        <ele>2396.000000</ele>
        <time>2021-04-10T16:14:43Z</time>
      </trkpt>
      <trkpt lat="19.016071" lon="-99.208365">
        <ele>2394.000000</ele>
        <time>2021-04-10T16:14:48Z</time>
      </trkpt>
      <trkpt lat="19.016075" lon="-99.208326">
        <ele>2396.000000</ele>
        <time>2021-04-10T16:14:51Z</time>
      </trkpt>
      <trkpt lat="19.016170" lon="-99.208189">
        <ele>2392.000000</ele>
        <time>2021-04-10T16:15:05Z</time>
      </trkpt>
      <trkpt lat="19.016175" lon="-99.208152">
        <ele>2392.000000</ele>
        <time>2021-04-10T16:15:08Z</time>
      </trkpt>
      <trkpt lat="19.016163" lon="-99.208086">
        <ele>2392.000000</ele>
        <time>2021-04-10T16:15:12Z</time>
      </trkpt>
      <trkpt lat="19.016069" lon="-99.207982">
        <ele>2390.000000</ele>
        <time>2021-04-10T16:15:20Z</time>
      </trkpt>
      <trkpt lat="19.015983" lon="-99.207951">
        <ele>2388.000000</ele>
        <time>2021-04-10T16:15:27Z</time>
      </trkpt>
      <trkpt lat="19.015856" lon="-99.207967">
        <ele>2388.000000</ele>
        <time>2021-04-10T16:15:36Z</time>
      </trkpt>
      <trkpt lat="19.015697" lon="-99.207951">
        <ele>2385.000000</ele>
        <time>2021-04-10T16:15:48Z</time>
      </trkpt>
      <trkpt lat="19.015616" lon="-99.207962">
        <ele>2385.000000</ele>
        <time>2021-04-10T16:15:54Z</time>
      </trkpt>
      <trkpt lat="19.015578" lon="-99.207958">
        <ele>2385.000000</ele>
        <time>2021-04-10T16:15:57Z</time>
      </trkpt>
      <trkpt lat="19.015538" lon="-99.207971">
        <ele>2385.000000</ele>
        <time>2021-04-10T16:16:00Z</time>
      </trkpt>
      <trkpt lat="19.015508" lon="-99.207994">
        <ele>2385.000000</ele>
        <time>2021-04-10T16:16:03Z</time>
      </trkpt>
      <trkpt lat="19.015472" lon="-99.208052">
        <ele>2384.000000</ele>
        <time>2021-04-10T16:16:07Z</time>
      </trkpt>
      <trkpt lat="19.015367" lon="-99.208128">
        <ele>2385.200000</ele>
        <time>2021-04-10T16:16:14Z</time>
      </trkpt>
      <trkpt lat="19.015203" lon="-99.208173">
        <ele>2382.000000</ele>
        <time>2021-04-10T16:16:25Z</time>
      </trkpt>
      <trkpt lat="19.015136" lon="-99.208211">
        <ele>2382.000000</ele>
        <time>2021-04-10T16:16:31Z</time>
      </trkpt>
      <trkpt lat="19.015057" lon="-99.208239">
        <ele>2382.000000</ele>
        <time>2021-04-10T16:16:37Z</time>
      </trkpt>
      <trkpt lat="19.015024" lon="-99.208249">
        <ele>2382.000000</ele>
        <time>2021-04-10T16:16:40Z</time>
      </trkpt>
      <trkpt lat="19.014985" lon="-99.208247">
        <ele>2382.000000</ele>
        <time>2021-04-10T16:16:42Z</time>
      </trkpt>
      <trkpt lat="19.014929" lon="-99.208215">
        <ele>2379.000000</ele>
        <time>2021-04-10T16:16:46Z</time>
      </trkpt>
      <trkpt lat="19.014893" lon="-99.208156">
        <ele>2380.000000</ele>
        <time>2021-04-10T16:16:51Z</time>
      </trkpt>
      <trkpt lat="19.014879" lon="-99.208117">
        <ele>2379.000000</ele>
        <time>2021-04-10T16:16:53Z</time>
      </trkpt>
      <trkpt lat="19.014888" lon="-99.208013">
        <ele>2378.000000</ele>
        <time>2021-04-10T16:17:00Z</time>
      </trkpt>
      <trkpt lat="19.014847" lon="-99.207898">
        <ele>2375.000000</ele>
        <time>2021-04-10T16:17:10Z</time>
      </trkpt>
      <trkpt lat="19.014779" lon="-99.207889">
        <ele>2376.000000</ele>
        <time>2021-04-10T16:17:22Z</time>
      </trkpt>
      <trkpt lat="19.014645" lon="-99.207843">
        <ele>2374.000000</ele>
        <time>2021-04-10T16:17:37Z</time>
      </trkpt>
      <trkpt lat="19.014510" lon="-99.207777">
        <ele>2373.000000</ele>
        <time>2021-04-10T16:17:46Z</time>
      </trkpt>
      <trkpt lat="19.014310" lon="-99.207771">
        <ele>2371.000000</ele>
        <time>2021-04-10T16:18:02Z</time>
      </trkpt>
      <trkpt lat="19.014149" lon="-99.207720">
        <ele>2370.000000</ele>
        <time>2021-04-10T16:18:12Z</time>
      </trkpt>
      <trkpt lat="19.014083" lon="-99.207717">
        <ele>2367.000000</ele>
        <time>2021-04-10T16:18:16Z</time>
      </trkpt>
      <trkpt lat="19.014043" lon="-99.207732">
        <ele>2365.000000</ele>
        <time>2021-04-10T16:18:20Z</time>
      </trkpt>
      <trkpt lat="19.013913" lon="-99.207641">
        <ele>2366.000000</ele>
        <time>2021-04-10T16:18:32Z</time>
      </trkpt>
      <trkpt lat="19.013808" lon="-99.207533">
        <ele>2364.000000</ele>
        <time>2021-04-10T16:18:41Z</time>
      </trkpt>
      <trkpt lat="19.013751" lon="-99.207507">
        <ele>2364.000000</ele>
        <time>2021-04-10T16:18:44Z</time>
      </trkpt>
      <trkpt lat="19.013678" lon="-99.207448">
        <ele>2364.000000</ele>
        <time>2021-04-10T16:18:52Z</time>
      </trkpt>
      <trkpt lat="19.013644" lon="-99.207378">
        <ele>2364.000000</ele>
        <time>2021-04-10T16:18:57Z</time>
      </trkpt>
      <trkpt lat="19.013576" lon="-99.207275">
        <ele>2362.000000</ele>
        <time>2021-04-10T16:19:06Z</time>
      </trkpt>
      <trkpt lat="19.013548" lon="-99.207254">
        <ele>2360.000000</ele>
        <time>2021-04-10T16:19:10Z</time>
      </trkpt>
      <trkpt lat="19.013476" lon="-99.207237">
        <ele>2360.000000</ele>
        <time>2021-04-10T16:19:19Z</time>
      </trkpt>
      <trkpt lat="19.013399" lon="-99.207237">
        <ele>2361.000000</ele>
        <time>2021-04-10T16:19:25Z</time>
      </trkpt>
      <trkpt lat="19.013368" lon="-99.207211">
        <ele>2361.000000</ele>
        <time>2021-04-10T16:19:28Z</time>
      </trkpt>
      <trkpt lat="19.013265" lon="-99.207161">
        <ele>2360.000000</ele>
        <time>2021-04-10T16:19:34Z</time>
      </trkpt>
      <trkpt lat="19.013188" lon="-99.207143">
        <ele>2360.000000</ele>
        <time>2021-04-10T16:19:41Z</time>
      </trkpt>
      <trkpt lat="19.013123" lon="-99.207148">
        <ele>2360.000000</ele>
        <time>2021-04-10T16:19:48Z</time>
      </trkpt>
      <trkpt lat="19.013081" lon="-99.207141">
        <ele>2358.000000</ele>
        <time>2021-04-10T16:19:51Z</time>
      </trkpt>
      <trkpt lat="19.012941" lon="-99.207085">
        <ele>2358.000000</ele>
        <time>2021-04-10T16:20:03Z</time>
      </trkpt>
      <trkpt lat="19.012834" lon="-99.207097">
        <ele>2355.000000</ele>
        <time>2021-04-10T16:20:12Z</time>
      </trkpt>
      <trkpt lat="19.012584" lon="-99.206985">
        <ele>2354.000000</ele>
        <time>2021-04-10T16:20:28Z</time>
      </trkpt>
      <trkpt lat="19.012506" lon="-99.206992">
        <ele>2352.000000</ele>
        <time>2021-04-10T16:20:34Z</time>
      </trkpt>
      <trkpt lat="19.012343" lon="-99.206949">
        <ele>2349.000000</ele>
        <time>2021-04-10T16:20:46Z</time>
      </trkpt>
      <trkpt lat="19.012201" lon="-99.206934">
        <ele>2349.000000</ele>
        <time>2021-04-10T16:20:57Z</time>
      </trkpt>
      <trkpt lat="19.012130" lon="-99.206917">
        <ele>2347.000000</ele>
        <time>2021-04-10T16:21:03Z</time>
      </trkpt>
      <trkpt lat="19.011965" lon="-99.206903">
        <ele>2346.800000</ele>
        <time>2021-04-10T16:21:17Z</time>
      </trkpt>
      <trkpt lat="19.011835" lon="-99.206930">
        <ele>2343.000000</ele>
        <time>2021-04-10T16:21:28Z</time>
      </trkpt>
      <trkpt lat="19.011761" lon="-99.206926">
        <ele>2343.000000</ele>
        <time>2021-04-10T16:21:33Z</time>
      </trkpt>
      <trkpt lat="19.011564" lon="-99.206856">
        <ele>2343.000000</ele>
        <time>2021-04-10T16:21:47Z</time>
      </trkpt>
      <trkpt lat="19.011444" lon="-99.206830">
        <ele>2340.000000</ele>
        <time>2021-04-10T16:21:56Z</time>
      </trkpt>
      <trkpt lat="19.011299" lon="-99.206769">
        <ele>2340.000000</ele>
        <time>2021-04-10T16:22:09Z</time>
      </trkpt>
      <trkpt lat="19.011217" lon="-99.206684">
        <ele>2340.000000</ele>
        <time>2021-04-10T16:22:17Z</time>
      </trkpt>
      <trkpt lat="19.011083" lon="-99.206607">
        <ele>2338.000000</ele>
        <time>2021-04-10T16:22:28Z</time>
      </trkpt>
      <trkpt lat="19.011022" lon="-99.206560">
        <ele>2338.000000</ele>
        <time>2021-04-10T16:22:33Z</time>
      </trkpt>
      <trkpt lat="19.010924" lon="-99.206529">
        <ele>2335.000000</ele>
        <time>2021-04-10T16:22:40Z</time>
      </trkpt>
      <trkpt lat="19.010759" lon="-99.206389">
        <ele>2334.000000</ele>
        <time>2021-04-10T16:22:54Z</time>
      </trkpt>
      <trkpt lat="19.010705" lon="-99.206356">
        <ele>2331.000000</ele>
        <time>2021-04-10T16:22:59Z</time>
      </trkpt>
      <trkpt lat="19.010640" lon="-99.206264">
        <ele>2332.000000</ele>
        <time>2021-04-10T16:23:08Z</time>
      </trkpt>
      <trkpt lat="19.010478" lon="-99.206194">
        <ele>2328.000000</ele>
        <time>2021-04-10T16:23:25Z</time>
      </trkpt>
      <trkpt lat="19.010281" lon="-99.205988">
        <ele>2326.000000</ele>
        <time>2021-04-10T16:23:44Z</time>
      </trkpt>
      <trkpt lat="19.010178" lon="-99.205853">
        <ele>2325.000000</ele>
        <time>2021-04-10T16:23:57Z</time>
      </trkpt>
      <trkpt lat="19.010114" lon="-99.205800">
        <ele>2324.000000</ele>
        <time>2021-04-10T16:24:03Z</time>
      </trkpt>
      <trkpt lat="19.010094" lon="-99.205770">
        <ele>2324.000000</ele>
        <time>2021-04-10T16:24:05Z</time>
      </trkpt>
      <trkpt lat="19.010094" lon="-99.205735">
        <ele>2324.000000</ele>
        <time>2021-04-10T16:24:07Z</time>
      </trkpt>
      <trkpt lat="19.010109" lon="-99.205703">
        <ele>2323.000000</ele>
        <time>2021-04-10T16:24:09Z</time>
      </trkpt>
      <trkpt lat="19.010083" lon="-99.205602">
        <ele>2322.000000</ele>
        <time>2021-04-10T16:24:17Z</time>
      </trkpt>
      <trkpt lat="19.010135" lon="-99.205468">
        <ele>2319.000000</ele>
        <time>2021-04-10T16:24:29Z</time>
      </trkpt>
      <trkpt lat="19.010172" lon="-99.205404">
        <ele>2319.000000</ele>
        <time>2021-04-10T16:24:34Z</time>
      </trkpt>
      <trkpt lat="19.010177" lon="-99.205348">
        <ele>2316.000000</ele>
        <time>2021-04-10T16:24:40Z</time>
      </trkpt>
      <trkpt lat="19.010122" lon="-99.205162">
        <ele>2313.000000</ele>
        <time>2021-04-10T16:24:53Z</time>
      </trkpt>
      <trkpt lat="19.010141" lon="-99.205092">
        <ele>2313.000000</ele>
        <time>2021-04-10T16:24:58Z</time>
      </trkpt>
      <trkpt lat="19.010154" lon="-99.204971">
        <ele>2312.000000</ele>
        <time>2021-04-10T16:25:09Z</time>
      </trkpt>
      <trkpt lat="19.010234" lon="-99.204816">
        <ele>2308.000000</ele>
        <time>2021-04-10T16:25:24Z</time>
      </trkpt>
      <trkpt lat="19.010248" lon="-99.204746">
        <ele>2304.000000</ele>
        <time>2021-04-10T16:25:32Z</time>
      </trkpt>
      <trkpt lat="19.010215" lon="-99.204680">
        <ele>2304.000000</ele>
        <time>2021-04-10T16:25:40Z</time>
      </trkpt>
      <trkpt lat="19.010148" lon="-99.204646">
        <ele>2301.000000</ele>
        <time>2021-04-10T16:25:50Z</time>
      </trkpt>
      <trkpt lat="19.010098" lon="-99.204602">
        <ele>2301.000000</ele>
        <time>2021-04-10T16:25:58Z</time>
      </trkpt>
      <trkpt lat="19.010019" lon="-99.204507">
        <ele>2295.000000</ele>
        <time>2021-04-10T16:26:08Z</time>
      </trkpt>
      <trkpt lat="19.009996" lon="-99.204438">
        <ele>2298.000000</ele>
        <time>2021-04-10T16:26:14Z</time>
      </trkpt>
      <trkpt lat="19.009982" lon="-99.204356">
        <ele>2295.000000</ele>
        <time>2021-04-10T16:26:19Z</time>
      </trkpt>
      <trkpt lat="19.009996" lon="-99.204252">
        <ele>2294.000000</ele>
        <time>2021-04-10T16:26:27Z</time>
      </trkpt>
      <trkpt lat="19.010012" lon="-99.204179">
        <ele>2294.000000</ele>
        <time>2021-04-10T16:26:31Z</time>
      </trkpt>
      <trkpt lat="19.010061" lon="-99.204047">
        <ele>2292.000000</ele>
        <time>2021-04-10T16:26:39Z</time>
      </trkpt>
      <trkpt lat="19.010069" lon="-99.204007">
        <ele>2292.000000</ele>
        <time>2021-04-10T16:26:41Z</time>
      </trkpt>
      <trkpt lat="19.010066" lon="-99.203938">
        <ele>2292.000000</ele>
        <time>2021-04-10T16:26:45Z</time>
      </trkpt>
      <trkpt lat="19.010021" lon="-99.203839">
        <ele>2290.000000</ele>
        <time>2021-04-10T16:26:51Z</time>
      </trkpt>
      <trkpt lat="19.009951" lon="-99.203801">
        <ele>2290.000000</ele>
        <time>2021-04-10T16:26:57Z</time>
      </trkpt>
      <trkpt lat="19.009858" lon="-99.203694">
        <ele>2288.000000</ele>
        <time>2021-04-10T16:27:04Z</time>
      </trkpt>
      <trkpt lat="19.009781" lon="-99.203649">
        <ele>2288.000000</ele>
        <time>2021-04-10T16:27:11Z</time>
      </trkpt>
      <trkpt lat="19.009688" lon="-99.203621">
        <ele>2286.000000</ele>
        <time>2021-04-10T16:27:17Z</time>
      </trkpt>
      <trkpt lat="19.009521" lon="-99.203622">
        <ele>2286.000000</ele>
        <time>2021-04-10T16:27:28Z</time>
      </trkpt>
      <trkpt lat="19.009328" lon="-99.203584">
        <ele>2283.000000</ele>
        <time>2021-04-10T16:27:41Z</time>
      </trkpt>
      <trkpt lat="19.009286" lon="-99.203561">
        <ele>2283.000000</ele>
        <time>2021-04-10T16:27:45Z</time>
      </trkpt>
      <trkpt lat="19.009049" lon="-99.203654">
        <ele>2280.000000</ele>
        <time>2021-04-10T16:28:04Z</time>
      </trkpt>
      <trkpt lat="19.008965" lon="-99.203736">
        <ele>2280.000000</ele>
        <time>2021-04-10T16:28:13Z</time>
      </trkpt>
      <trkpt lat="19.008867" lon="-99.203791">
        <ele>2277.000000</ele>
        <time>2021-04-10T16:28:21Z</time>
      </trkpt>
      <trkpt lat="19.008824" lon="-99.203842">
        <ele>2277.000000</ele>
        <time>2021-04-10T16:28:27Z</time>
      </trkpt>
      <trkpt lat="19.008765" lon="-99.203889">
        <ele>2276.000000</ele>
        <time>2021-04-10T16:28:32Z</time>
      </trkpt>
      <trkpt lat="19.008734" lon="-99.203893">
        <ele>2274.000000</ele>
        <time>2021-04-10T16:28:35Z</time>
      </trkpt>
      <trkpt lat="19.008584" lon="-99.203838">
        <ele>2272.000000</ele>
        <time>2021-04-10T16:28:46Z</time>
      </trkpt>
      <trkpt lat="19.008516" lon="-99.203854">
        <ele>2268.000000</ele>
        <time>2021-04-10T16:28:53Z</time>
      </trkpt>
      <trkpt lat="19.008363" lon="-99.203847">
        <ele>2268.000000</ele>
        <time>2021-04-10T16:29:05Z</time>
      </trkpt>
      <trkpt lat="19.008267" lon="-99.203814">
        <ele>2265.000000</ele>
        <time>2021-04-10T16:29:16Z</time>
      </trkpt>
      <trkpt lat="19.008209" lon="-99.203774">
        <ele>2262.000000</ele>
        <time>2021-04-10T16:29:22Z</time>
      </trkpt>
      <trkpt lat="19.008174" lon="-99.203771">
        <ele>2262.000000</ele>
        <time>2021-04-10T16:29:25Z</time>
      </trkpt>
      <trkpt lat="19.008101" lon="-99.203780">
        <ele>2262.000000</ele>
        <time>2021-04-10T16:29:30Z</time>
      </trkpt>
      <trkpt lat="19.007984" lon="-99.203840">
        <ele>2260.000000</ele>
        <time>2021-04-10T16:29:40Z</time>
      </trkpt>
      <trkpt lat="19.007829" lon="-99.203824">
        <ele>2257.000000</ele>
        <time>2021-04-10T16:29:52Z</time>
      </trkpt>
      <trkpt lat="19.007770" lon="-99.203791">
        <ele>2256.000000</ele>
        <time>2021-04-10T16:29:58Z</time>
      </trkpt>
      <trkpt lat="19.007725" lon="-99.203726">
        <ele>2254.000000</ele>
        <time>2021-04-10T16:30:03Z</time>
      </trkpt>
      <trkpt lat="19.007694" lon="-99.203720">
        <ele>2254.000000</ele>
        <time>2021-04-10T16:30:05Z</time>
      </trkpt>
      <trkpt lat="19.007669" lon="-99.203699">
        <ele>2253.000000</ele>
        <time>2021-04-10T16:30:07Z</time>
      </trkpt>
      <trkpt lat="19.007631" lon="-99.203594">
        <ele>2250.000000</ele>
        <time>2021-04-10T16:30:16Z</time>
      </trkpt>
      <trkpt lat="19.007596" lon="-99.203576">
        <ele>2250.000000</ele>
        <time>2021-04-10T16:30:19Z</time>
      </trkpt>
      <trkpt lat="19.007530" lon="-99.203565">
        <ele>2248.000000</ele>
        <time>2021-04-10T16:30:24Z</time>
      </trkpt>
      <trkpt lat="19.007445" lon="-99.203569">
        <ele>2245.000000</ele>
        <time>2021-04-10T16:30:33Z</time>
      </trkpt>
      <trkpt lat="19.007308" lon="-99.203601">
        <ele>2244.000000</ele>
        <time>2021-04-10T16:30:43Z</time>
      </trkpt>
      <trkpt lat="19.007228" lon="-99.203594">
        <ele>2241.000000</ele>
        <time>2021-04-10T16:30:48Z</time>
      </trkpt>
      <trkpt lat="19.007062" lon="-99.203643">
        <ele>2240.000000</ele>
        <time>2021-04-10T16:31:00Z</time>
      </trkpt>
      <trkpt lat="19.007028" lon="-99.203661">
        <ele>2241.000000</ele>
        <time>2021-04-10T16:31:02Z</time>
      </trkpt>
      <trkpt lat="19.006997" lon="-99.203648">
        <ele>2240.000000</ele>
        <time>2021-04-10T16:31:05Z</time>
      </trkpt>
      <trkpt lat="19.006945" lon="-99.203607">
        <ele>2238.000000</ele>
        <time>2021-04-10T16:31:09Z</time>
      </trkpt>
      <trkpt lat="19.006892" lon="-99.203548">
        <ele>2238.000000</ele>
        <time>2021-04-10T16:31:14Z</time>
      </trkpt>
      <trkpt lat="19.006842" lon="-99.203462">
        <ele>2236.000000</ele>
        <time>2021-04-10T16:31:23Z</time>
      </trkpt>
      <trkpt lat="19.006823" lon="-99.203393">
        <ele>2235.000000</ele>
        <time>2021-04-10T16:31:30Z</time>
      </trkpt>
      <trkpt lat="19.006732" lon="-99.203331">
        <ele>2233.000000</ele>
        <time>2021-04-10T16:31:38Z</time>
      </trkpt>
      <trkpt lat="19.006712" lon="-99.203298">
        <ele>2234.000000</ele>
        <time>2021-04-10T16:31:41Z</time>
      </trkpt>
      <trkpt lat="19.006707" lon="-99.203235">
        <ele>2232.000000</ele>
        <time>2021-04-10T16:31:48Z</time>
      </trkpt>
      <trkpt lat="19.006666" lon="-99.203129">
        <ele>2232.000000</ele>
        <time>2021-04-10T16:31:57Z</time>
      </trkpt>
      <trkpt lat="19.006647" lon="-99.203104">
        <ele>2232.000000</ele>
        <time>2021-04-10T16:31:59Z</time>
      </trkpt>
      <trkpt lat="19.006535" lon="-99.203036">
        <ele>2230.700000</ele>
        <time>2021-04-10T16:32:06Z</time>
      </trkpt>
      <trkpt lat="19.006458" lon="-99.202967">
        <ele>2228.000000</ele>
        <time>2021-04-10T16:32:13Z</time>
      </trkpt>
      <trkpt lat="19.006324" lon="-99.202907">
        <ele>2228.000000</ele>
        <time>2021-04-10T16:32:21Z</time>
      </trkpt>
      <trkpt lat="19.006274" lon="-99.202858">
        <ele>2226.000000</ele>
        <time>2021-04-10T16:32:25Z</time>
      </trkpt>
      <trkpt lat="19.006233" lon="-99.202849">
        <ele>2226.000000</ele>
        <time>2021-04-10T16:32:27Z</time>
      </trkpt>
      <trkpt lat="19.006121" lon="-99.202842">
        <ele>2224.000000</ele>
        <time>2021-04-10T16:32:39Z</time>
      </trkpt>
      <trkpt lat="19.006088" lon="-99.202855">
        <ele>2224.000000</ele>
        <time>2021-04-10T16:32:41Z</time>
      </trkpt>
      <trkpt lat="19.006066" lon="-99.202881">
        <ele>2223.000000</ele>
        <time>2021-04-10T16:32:43Z</time>
      </trkpt>
      <trkpt lat="19.005917" lon="-99.202968">
        <ele>2223.000000</ele>
        <time>2021-04-10T16:32:58Z</time>
      </trkpt>
      <trkpt lat="19.005815" lon="-99.202921">
        <ele>2223.000000</ele>
        <time>2021-04-10T16:33:06Z</time>
      </trkpt>
      <trkpt lat="19.005733" lon="-99.202790">
        <ele>2220.000000</ele>
        <time>2021-04-10T16:33:16Z</time>
      </trkpt>
      <trkpt lat="19.005707" lon="-99.202772">
        <ele>2220.000000</ele>
        <time>2021-04-10T16:33:19Z</time>
      </trkpt>
      <trkpt lat="19.005686" lon="-99.202736">
        <ele>2220.000000</ele>
        <time>2021-04-10T16:33:21Z</time>
      </trkpt>
      <trkpt lat="19.005677" lon="-99.202685">
        <ele>2220.000000</ele>
        <time>2021-04-10T16:33:23Z</time>
      </trkpt>
      <trkpt lat="19.005690" lon="-99.202544">
        <ele>2219.000000</ele>
        <time>2021-04-10T16:33:30Z</time>
      </trkpt>
      <trkpt lat="19.005651" lon="-99.202364">
        <ele>2216.000000</ele>
        <time>2021-04-10T16:33:42Z</time>
      </trkpt>
      <trkpt lat="19.005650" lon="-99.202283">
        <ele>2214.000000</ele>
        <time>2021-04-10T16:33:47Z</time>
      </trkpt>
      <trkpt lat="19.005531" lon="-99.202097">
        <ele>2211.000000</ele>
        <time>2021-04-10T16:34:02Z</time>
      </trkpt>
      <trkpt lat="19.005512" lon="-99.202025">
        <ele>2210.000000</ele>
        <time>2021-04-10T16:34:07Z</time>
      </trkpt>
      <trkpt lat="19.005401" lon="-99.201955">
        <ele>2210.000000</ele>
        <time>2021-04-10T16:34:15Z</time>
      </trkpt>
      <trkpt lat="19.005355" lon="-99.201909">
        <ele>2208.000000</ele>
        <time>2021-04-10T16:34:20Z</time>
      </trkpt>
      <trkpt lat="19.005275" lon="-99.201884">
        <ele>2206.000000</ele>
        <time>2021-04-10T16:34:25Z</time>
      </trkpt>
      <trkpt lat="19.005161" lon="-99.201892">
        <ele>2206.000000</ele>
        <time>2021-04-10T16:34:34Z</time>
      </trkpt>
      <trkpt lat="19.005111" lon="-99.201863">
        <ele>2206.000000</ele>
        <time>2021-04-10T16:34:38Z</time>
      </trkpt>
      <trkpt lat="19.005027" lon="-99.201720">
        <ele>2204.000000</ele>
        <time>2021-04-10T16:34:49Z</time>
      </trkpt>
      <trkpt lat="19.004897" lon="-99.201633">
        <ele>2201.000000</ele>
        <time>2021-04-10T16:35:00Z</time>
      </trkpt>
      <trkpt lat="19.004860" lon="-99.201576">
        <ele>2200.000000</ele>
        <time>2021-04-10T16:35:04Z</time>
      </trkpt>
      <trkpt lat="19.004828" lon="-99.201554">
        <ele>2200.000000</ele>
        <time>2021-04-10T16:35:06Z</time>
      </trkpt>
      <trkpt lat="19.004794" lon="-99.201550">
        <ele>2200.000000</ele>
        <time>2021-04-10T16:35:08Z</time>
      </trkpt>
      <trkpt lat="19.004762" lon="-99.201570">
        <ele>2200.000000</ele>
        <time>2021-04-10T16:35:10Z</time>
      </trkpt>
      <trkpt lat="19.004716" lon="-99.201661">
        <ele>2198.000000</ele>
        <time>2021-04-10T16:35:14Z</time>
      </trkpt>
      <trkpt lat="19.004688" lon="-99.201679">
        <ele>2198.000000</ele>
        <time>2021-04-10T16:35:16Z</time>
      </trkpt>
      <trkpt lat="19.004658" lon="-99.201669">
        <ele>2197.000000</ele>
        <time>2021-04-10T16:35:18Z</time>
      </trkpt>
      <trkpt lat="19.004598" lon="-99.201485">
        <ele>2194.000000</ele>
        <time>2021-04-10T16:35:31Z</time>
      </trkpt>
      <trkpt lat="19.004537" lon="-99.201389">
        <ele>2192.000000</ele>
        <time>2021-04-10T16:35:37Z</time>
      </trkpt>
      <trkpt lat="19.004441" lon="-99.201274">
        <ele>2190.000000</ele>
        <time>2021-04-10T16:35:47Z</time>
      </trkpt>
      <trkpt lat="19.004303" lon="-99.201228">
        <ele>2190.000000</ele>
        <time>2021-04-10T16:35:57Z</time>
      </trkpt>
      <trkpt lat="19.004257" lon="-99.201180">
        <ele>2187.000000</ele>
        <time>2021-04-10T16:36:01Z</time>
      </trkpt>
      <trkpt lat="19.004150" lon="-99.201137">
        <ele>2187.000000</ele>
        <time>2021-04-10T16:36:09Z</time>
      </trkpt>
      <trkpt lat="19.004089" lon="-99.201099">
        <ele>2186.000000</ele>
        <time>2021-04-10T16:36:12Z</time>
      </trkpt>
      <trkpt lat="19.003979" lon="-99.200961">
        <ele>2182.000000</ele>
        <time>2021-04-10T16:36:26Z</time>
      </trkpt>
      <trkpt lat="19.003857" lon="-99.200977">
        <ele>2182.000000</ele>
        <time>2021-04-10T16:36:35Z</time>
      </trkpt>
      <trkpt lat="19.003776" lon="-99.201006">
        <ele>2182.000000</ele>
        <time>2021-04-10T16:36:39Z</time>
      </trkpt>
      <trkpt lat="19.003656" lon="-99.200986">
        <ele>2181.000000</ele>
        <time>2021-04-10T16:36:48Z</time>
      </trkpt>
      <trkpt lat="19.003595" lon="-99.200941">
        <ele>2181.000000</ele>
        <time>2021-04-10T16:36:54Z</time>
      </trkpt>
      <trkpt lat="19.003531" lon="-99.200863">
        <ele>2180.000000</ele>
        <time>2021-04-10T16:37:02Z</time>
      </trkpt>
      <trkpt lat="19.003348" lon="-99.200828">
        <ele>2176.000000</ele>
        <time>2021-04-10T16:37:17Z</time>
      </trkpt>
      <trkpt lat="19.003296" lon="-99.200795">
        <ele>2175.000000</ele>
        <time>2021-04-10T16:37:22Z</time>
      </trkpt>
      <trkpt lat="19.003267" lon="-99.200727">
        <ele>2175.000000</ele>
        <time>2021-04-10T16:37:28Z</time>
      </trkpt>
      <trkpt lat="19.003257" lon="-99.200587">
        <ele>2174.000000</ele>
        <time>2021-04-10T16:37:39Z</time>
      </trkpt>
      <trkpt lat="19.003245" lon="-99.200554">
        <ele>2174.000000</ele>
        <time>2021-04-10T16:37:41Z</time>
      </trkpt>
      <trkpt lat="19.003216" lon="-99.200532">
        <ele>2174.000000</ele>
        <time>2021-04-10T16:37:43Z</time>
      </trkpt>
      <trkpt lat="19.003041" lon="-99.200464">
        <ele>2173.100000</ele>
        <time>2021-04-10T16:37:56Z</time>
      </trkpt>
      <trkpt lat="19.002919" lon="-99.200355">
        <ele>2169.000000</ele>
        <time>2021-04-10T16:38:08Z</time>
      </trkpt>
      <trkpt lat="19.002807" lon="-99.200334">
        <ele>2168.000000</ele>
        <time>2021-04-10T16:38:17Z</time>
      </trkpt>
      <trkpt lat="19.002732" lon="-99.200353">
        <ele>2168.000000</ele>
        <time>2021-04-10T16:38:21Z</time>
      </trkpt>
      <trkpt lat="19.002585" lon="-99.200458">
        <ele>2168.000000</ele>
        <time>2021-04-10T16:38:32Z</time>
      </trkpt>
      <trkpt lat="19.002468" lon="-99.200496">
        <ele>2166.000000</ele>
        <time>2021-04-10T16:38:40Z</time>
      </trkpt>
      <trkpt lat="19.002367" lon="-99.200465">
        <ele>2163.000000</ele>
        <time>2021-04-10T16:38:47Z</time>
      </trkpt>
      <trkpt lat="19.002319" lon="-99.200400">
        <ele>2164.000000</ele>
        <time>2021-04-10T16:38:53Z</time>
      </trkpt>
      <trkpt lat="19.002307" lon="-99.200232">
        <ele>2163.000000</ele>
        <time>2021-04-10T16:39:04Z</time>
      </trkpt>
      <trkpt lat="19.002273" lon="-99.200165">
        <ele>2160.000000</ele>
        <time>2021-04-10T16:39:09Z</time>
      </trkpt>
      <trkpt lat="19.002215" lon="-99.200111">
        <ele>2160.000000</ele>
        <time>2021-04-10T16:39:15Z</time>
      </trkpt>
      <trkpt lat="19.002181" lon="-99.200092">
        <ele>2160.000000</ele>
        <time>2021-04-10T16:39:17Z</time>
      </trkpt>
      <trkpt lat="19.002142" lon="-99.200088">
        <ele>2158.000000</ele>
        <time>2021-04-10T16:39:20Z</time>
      </trkpt>
      <trkpt lat="19.002105" lon="-99.200106">
        <ele>2157.000000</ele>
        <time>2021-04-10T16:39:23Z</time>
      </trkpt>
      <trkpt lat="19.002062" lon="-99.200168">
        <ele>2158.000000</ele>
        <time>2021-04-10T16:39:29Z</time>
      </trkpt>
      <trkpt lat="19.002015" lon="-99.200210">
        <ele>2156.000000</ele>
        <time>2021-04-10T16:39:32Z</time>
      </trkpt>
      <trkpt lat="19.001814" lon="-99.200340">
        <ele>2154.000000</ele>
        <time>2021-04-10T16:39:46Z</time>
      </trkpt>
      <trkpt lat="19.001779" lon="-99.200352">
        <ele>2154.000000</ele>
        <time>2021-04-10T16:39:48Z</time>
      </trkpt>
      <trkpt lat="19.001640" lon="-99.200351">
        <ele>2152.000000</ele>
        <time>2021-04-10T16:39:58Z</time>
      </trkpt>
      <trkpt lat="19.001604" lon="-99.200335">
        <ele>2151.000000</ele>
        <time>2021-04-10T16:40:00Z</time>
      </trkpt>
      <trkpt lat="19.001576" lon="-99.200308">
        <ele>2150.000000</ele>
        <time>2021-04-10T16:40:03Z</time>
      </trkpt>
      <trkpt lat="19.001563" lon="-99.200278">
        <ele>2150.000000</ele>
        <time>2021-04-10T16:40:05Z</time>
      </trkpt>
      <trkpt lat="19.001569" lon="-99.200216">
        <ele>2150.000000</ele>
        <time>2021-04-10T16:40:09Z</time>
      </trkpt>
      <trkpt lat="19.001522" lon="-99.200154">
        <ele>2148.000000</ele>
        <time>2021-04-10T16:40:14Z</time>
      </trkpt>
      <trkpt lat="19.001414" lon="-99.200112">
        <ele>2145.000000</ele>
        <time>2021-04-10T16:40:22Z</time>
      </trkpt>
      <trkpt lat="19.001312" lon="-99.200089">
        <ele>2140.000000</ele>
        <time>2021-04-10T16:40:30Z</time>
      </trkpt>
      <trkpt lat="19.001211" lon="-99.200010">
        <ele>2139.000000</ele>
        <time>2021-04-10T16:40:41Z</time>
      </trkpt>
      <trkpt lat="19.001153" lon="-99.199986">
        <ele>2136.000000</ele>
        <time>2021-04-10T16:40:47Z</time>
      </trkpt>
      <trkpt lat="19.001068" lon="-99.199930">
        <ele>2135.000000</ele>
        <time>2021-04-10T16:40:55Z</time>
      </trkpt>
      <trkpt lat="19.001029" lon="-99.199923">
        <ele>2130.000000</ele>
        <time>2021-04-10T16:41:04Z</time>
      </trkpt>
      <trkpt lat="19.001042" lon="-99.199849">
        <ele>2132.000000</ele>
        <time>2021-04-10T16:41:22Z</time>
      </trkpt>
      <trkpt lat="19.001030" lon="-99.199684">
        <ele>2130.000000</ele>
        <time>2021-04-10T16:41:34Z</time>
      </trkpt>
      <trkpt lat="19.001037" lon="-99.199608">
        <ele>2130.000000</ele>
        <time>2021-04-10T16:41:41Z</time>
      </trkpt>
      <trkpt lat="19.001017" lon="-99.199540">
        <ele>2130.000000</ele>
        <time>2021-04-10T16:41:47Z</time>
      </trkpt>
      <trkpt lat="19.001038" lon="-99.199436">
        <ele>2132.000000</ele>
        <time>2021-04-10T16:42:02Z</time>
      </trkpt>
      <trkpt lat="19.001011" lon="-99.199477">
        <ele>2132.400000</ele>
        <time>2021-04-10T16:42:08Z</time>
      </trkpt>
      <trkpt lat="19.001003" lon="-99.199564">
        <ele>2128.000000</ele>
        <time>2021-04-10T16:42:33Z</time>
      </trkpt>
      <trkpt lat="19.000989" lon="-99.199601">
        <ele>2130.000000</ele>
        <time>2021-04-10T16:42:42Z</time>
      </trkpt>
      <trkpt lat="19.000998" lon="-99.199818">
        <ele>2130.000000</ele>
        <time>2021-04-10T16:43:03Z</time>
      </trkpt>
      <trkpt lat="19.001009" lon="-99.199846">
        <ele>2130.000000</ele>
        <time>2021-04-10T16:43:06Z</time>
      </trkpt>
      <trkpt lat="19.001002" lon="-99.199941">
        <ele>2133.000000</ele>
        <time>2021-04-10T16:43:16Z</time>
      </trkpt>
      <trkpt lat="19.000986" lon="-99.199977">
        <ele>2130.000000</ele>
        <time>2021-04-10T16:43:20Z</time>
      </trkpt>
      <trkpt lat="19.000910" lon="-99.199982">
        <ele>2130.000000</ele>
        <time>2021-04-10T16:43:27Z</time>
      </trkpt>
      <trkpt lat="19.000833" lon="-99.199974">
        <ele>2130.000000</ele>
        <time>2021-04-10T16:43:33Z</time>
      </trkpt>
      <trkpt lat="19.000799" lon="-99.199950">
        <ele>2129.000000</ele>
        <time>2021-04-10T16:43:36Z</time>
      </trkpt>
      <trkpt lat="19.000686" lon="-99.199909">
        <ele>2126.000000</ele>
        <time>2021-04-10T16:43:50Z</time>
      </trkpt>
      <trkpt lat="19.000589" lon="-99.199894">
        <ele>2123.000000</ele>
        <time>2021-04-10T16:44:00Z</time>
      </trkpt>
      <trkpt lat="19.000557" lon="-99.199877">
        <ele>2121.000000</ele>
        <time>2021-04-10T16:44:03Z</time>
      </trkpt>
      <trkpt lat="19.000494" lon="-99.199795">
        <ele>2121.000000</ele>
        <time>2021-04-10T16:44:10Z</time>
      </trkpt>
      <trkpt lat="19.000462" lon="-99.199783">
        <ele>2119.000000</ele>
        <time>2021-04-10T16:44:13Z</time>
      </trkpt>
      <trkpt lat="19.000426" lon="-99.199789">
        <ele>2118.000000</ele>
        <time>2021-04-10T16:44:16Z</time>
      </trkpt>
      <trkpt lat="19.000390" lon="-99.199774">
        <ele>2118.000000</ele>
        <time>2021-04-10T16:44:19Z</time>
      </trkpt>
      <trkpt lat="19.000209" lon="-99.199611">
        <ele>2114.000000</ele>
        <time>2021-04-10T16:44:38Z</time>
      </trkpt>
      <trkpt lat="19.000181" lon="-99.199596">
        <ele>2114.000000</ele>
        <time>2021-04-10T16:44:40Z</time>
      </trkpt>
      <trkpt lat="19.000110" lon="-99.199587">
        <ele>2113.000000</ele>
        <time>2021-04-10T16:44:45Z</time>
      </trkpt>
      <trkpt lat="19.000003" lon="-99.199615">
        <ele>2112.000000</ele>
        <time>2021-04-10T16:44:52Z</time>
      </trkpt>
      <trkpt lat="18.999948" lon="-99.199651">
        <ele>2109.000000</ele>
        <time>2021-04-10T16:44:56Z</time>
      </trkpt>
      <trkpt lat="18.999882" lon="-99.199729">
        <ele>2109.000000</ele>
        <time>2021-04-10T16:45:04Z</time>
      </trkpt>
      <trkpt lat="18.999687" lon="-99.199848">
        <ele>2108.000000</ele>
        <time>2021-04-10T16:45:22Z</time>
      </trkpt>
      <trkpt lat="18.999632" lon="-99.199895">
        <ele>2107.800000</ele>
        <time>2021-04-10T16:45:26Z</time>
      </trkpt>
      <trkpt lat="18.999557" lon="-99.199912">
        <ele>2106.000000</ele>
        <time>2021-04-10T16:45:30Z</time>
      </trkpt>
      <trkpt lat="18.999496" lon="-99.199940">
        <ele>2106.000000</ele>
        <time>2021-04-10T16:45:36Z</time>
      </trkpt>
      <trkpt lat="18.999459" lon="-99.199940">
        <ele>2106.000000</ele>
        <time>2021-04-10T16:45:39Z</time>
      </trkpt>
      <trkpt lat="18.999339" lon="-99.199899">
        <ele>2103.000000</ele>
        <time>2021-04-10T16:45:47Z</time>
      </trkpt>
      <trkpt lat="18.999313" lon="-99.199866">
        <ele>2104.000000</ele>
        <time>2021-04-10T16:45:50Z</time>
      </trkpt>
      <trkpt lat="18.999302" lon="-99.199831">
        <ele>2104.000000</ele>
        <time>2021-04-10T16:45:52Z</time>
      </trkpt>
      <trkpt lat="18.999292" lon="-99.199718">
        <ele>2102.000000</ele>
        <time>2021-04-10T16:45:59Z</time>
      </trkpt>
      <trkpt lat="18.999278" lon="-99.199672">
        <ele>2103.000000</ele>
        <time>2021-04-10T16:46:04Z</time>
      </trkpt>
      <trkpt lat="18.999162" lon="-99.199602">
        <ele>2102.000000</ele>
        <time>2021-04-10T16:46:12Z</time>
      </trkpt>
      <trkpt lat="18.999110" lon="-99.199584">
        <ele>2100.000000</ele>
        <time>2021-04-10T16:46:17Z</time>
      </trkpt>
      <trkpt lat="18.999040" lon="-99.199431">
        <ele>2098.000000</ele>
        <time>2021-04-10T16:46:30Z</time>
      </trkpt>
      <trkpt lat="18.998845" lon="-99.199208">
        <ele>2094.000000</ele>
        <time>2021-04-10T16:46:50Z</time>
      </trkpt>
      <trkpt lat="18.998762" lon="-99.199052">
        <ele>2094.000000</ele>
        <time>2021-04-10T16:47:02Z</time>
      </trkpt>
      <trkpt lat="18.998623" lon="-99.198932">
        <ele>2091.000000</ele>
        <time>2021-04-10T16:47:19Z</time>
      </trkpt>
      <trkpt lat="18.998555" lon="-99.198896">
        <ele>2089.000000</ele>
        <time>2021-04-10T16:47:26Z</time>
      </trkpt>
      <trkpt lat="18.998453" lon="-99.198867">
        <ele>2090.000000</ele>
        <time>2021-04-10T16:47:35Z</time>
      </trkpt>
      <trkpt lat="18.998357" lon="-99.198822">
        <ele>2088.000000</ele>
        <time>2021-04-10T16:47:42Z</time>
      </trkpt>
      <trkpt lat="18.998305" lon="-99.198771">
        <ele>2088.000000</ele>
        <time>2021-04-10T16:47:47Z</time>
      </trkpt>
      <trkpt lat="18.998187" lon="-99.198715">
        <ele>2088.000000</ele>
        <time>2021-04-10T16:47:58Z</time>
      </trkpt>
      <trkpt lat="18.998138" lon="-99.198672">
        <ele>2085.000000</ele>
        <time>2021-04-10T16:48:02Z</time>
      </trkpt>
      <trkpt lat="18.998076" lon="-99.198644">
        <ele>2084.000000</ele>
        <time>2021-04-10T16:48:09Z</time>
      </trkpt>
      <trkpt lat="18.998059" lon="-99.198577">
        <ele>2082.000000</ele>
        <time>2021-04-10T16:48:16Z</time>
      </trkpt>
      <trkpt lat="18.998018" lon="-99.198519">
        <ele>2080.000000</ele>
        <time>2021-04-10T16:48:24Z</time>
      </trkpt>
      <trkpt lat="18.997992" lon="-99.198461">
        <ele>2081.000000</ele>
        <time>2021-04-10T16:48:30Z</time>
      </trkpt>
      <trkpt lat="18.997861" lon="-99.198374">
        <ele>2078.000000</ele>
        <time>2021-04-10T16:48:45Z</time>
      </trkpt>
      <trkpt lat="18.997820" lon="-99.198403">
        <ele>2064.000000</ele>
        <time>2021-04-10T16:48:57Z</time>
      </trkpt>
      <trkpt lat="18.997865" lon="-99.198328">
        <ele>2076.000000</ele>
        <time>2021-04-10T16:49:13Z</time>
      </trkpt>
      <trkpt lat="18.997896" lon="-99.198305">
        <ele>2076.000000</ele>
        <time>2021-04-10T16:49:17Z</time>
      </trkpt>
      <trkpt lat="18.997930" lon="-99.198309">
        <ele>2073.000000</ele>
        <time>2021-04-10T16:49:30Z</time>
      </trkpt>
      <trkpt lat="18.997877" lon="-99.198333">
        <ele>2076.000000</ele>
        <time>2021-04-10T16:49:39Z</time>
      </trkpt>
      <trkpt lat="18.997813" lon="-99.198424">
        <ele>2076.000000</ele>
        <time>2021-04-10T16:49:49Z</time>
      </trkpt>
      <trkpt lat="18.997797" lon="-99.198457">
        <ele>2076.000000</ele>
        <time>2021-04-10T16:49:52Z</time>
      </trkpt>
      <trkpt lat="18.997791" lon="-99.198595">
        <ele>2077.000000</ele>
        <time>2021-04-10T16:50:06Z</time>
      </trkpt>
      <trkpt lat="18.997728" lon="-99.198687">
        <ele>2079.000000</ele>
        <time>2021-04-10T16:50:14Z</time>
      </trkpt>
      <trkpt lat="18.997681" lon="-99.198705">
        <ele>2076.000000</ele>
        <time>2021-04-10T16:50:22Z</time>
      </trkpt>
      <trkpt lat="18.997649" lon="-99.198730">
        <ele>2076.800000</ele>
        <time>2021-04-10T16:50:26Z</time>
      </trkpt>
      <trkpt lat="18.997636" lon="-99.198764">
        <ele>2076.000000</ele>
        <time>2021-04-10T16:50:30Z</time>
      </trkpt>
      <trkpt lat="18.997532" lon="-99.198845">
        <ele>2072.000000</ele>
        <time>2021-04-10T16:50:45Z</time>
      </trkpt>
      <trkpt lat="18.997407" lon="-99.198993">
        <ele>2076.000000</ele>
        <time>2021-04-10T16:51:12Z</time>
      </trkpt>
      <trkpt lat="18.997351" lon="-99.198996">
        <ele>2071.000000</ele>
        <time>2021-04-10T16:51:34Z</time>
      </trkpt>
      <trkpt lat="18.997268" lon="-99.198893">
        <ele>2070.000000</ele>
        <time>2021-04-10T16:52:03Z</time>
      </trkpt>
      <trkpt lat="18.997193" lon="-99.198861">
        <ele>2070.000000</ele>
        <time>2021-04-10T16:52:18Z</time>
      </trkpt>
      <trkpt lat="18.997189" lon="-99.198797">
        <ele>2067.000000</ele>
        <time>2021-04-10T16:52:26Z</time>
      </trkpt>
      <trkpt lat="18.997173" lon="-99.198767">
        <ele>2064.000000</ele>
        <time>2021-04-10T16:52:31Z</time>
      </trkpt>
      <trkpt lat="18.997113" lon="-99.198723">
        <ele>2064.000000</ele>
        <time>2021-04-10T16:52:39Z</time>
      </trkpt>
      <trkpt lat="18.997099" lon="-99.198689">
        <ele>2064.000000</ele>
        <time>2021-04-10T16:52:44Z</time>
      </trkpt>
      <trkpt lat="18.997116" lon="-99.198629">
        <ele>2062.000000</ele>
        <time>2021-04-10T16:52:52Z</time>
      </trkpt>
      <trkpt lat="18.997104" lon="-99.198577">
        <ele>2061.500000</ele>
        <time>2021-04-10T16:52:56Z</time>
      </trkpt>
      <trkpt lat="18.996955" lon="-99.198448">
        <ele>2058.000000</ele>
        <time>2021-04-10T16:53:14Z</time>
      </trkpt>
      <trkpt lat="18.996920" lon="-99.198436">
        <ele>2057.000000</ele>
        <time>2021-04-10T16:53:17Z</time>
      </trkpt>
      <trkpt lat="18.996900" lon="-99.198405">
        <ele>2056.000000</ele>
        <time>2021-04-10T16:53:21Z</time>
      </trkpt>
      <trkpt lat="18.996893" lon="-99.198365">
        <ele>2054.000000</ele>
        <time>2021-04-10T16:53:27Z</time>
      </trkpt>
      <trkpt lat="18.996852" lon="-99.198339">
        <ele>2055.000000</ele>
        <time>2021-04-10T16:53:34Z</time>
      </trkpt>
      <trkpt lat="18.996734" lon="-99.198321">
        <ele>2056.000000</ele>
        <time>2021-04-10T16:53:49Z</time>
      </trkpt>
      <trkpt lat="18.996611" lon="-99.198363">
        <ele>2056.000000</ele>
        <time>2021-04-10T16:54:05Z</time>
      </trkpt>
      <trkpt lat="18.996569" lon="-99.198368">
        <ele>2053.000000</ele>
        <time>2021-04-10T16:54:09Z</time>
      </trkpt>
      <trkpt lat="18.996547" lon="-99.198392">
        <ele>2048.000000</ele>
        <time>2021-04-10T16:54:15Z</time>
      </trkpt>
      <trkpt lat="18.996577" lon="-99.198457">
        <ele>2053.000000</ele>
        <time>2021-04-10T16:54:24Z</time>
      </trkpt>
      <trkpt lat="18.996619" lon="-99.198506">
        <ele>2052.000000</ele>
        <time>2021-04-10T16:54:30Z</time>
      </trkpt>
      <trkpt lat="18.996624" lon="-99.198533">
        <ele>2054.000000</ele>
        <time>2021-04-10T16:54:32Z</time>
      </trkpt>
      <trkpt lat="18.996620" lon="-99.198599">
        <ele>2053.000000</ele>
        <time>2021-04-10T16:54:39Z</time>
      </trkpt>
      <trkpt lat="18.996572" lon="-99.198652">
        <ele>2051.000000</ele>
        <time>2021-04-10T16:54:48Z</time>
      </trkpt>
      <trkpt lat="18.996515" lon="-99.198661">
        <ele>2052.000000</ele>
        <time>2021-04-10T16:54:59Z</time>
      </trkpt>
      <trkpt lat="18.996462" lon="-99.198699">
        <ele>2048.000000</ele>
        <time>2021-04-10T16:55:13Z</time>
      </trkpt>
      <trkpt lat="18.996386" lon="-99.198704">
        <ele>2046.000000</ele>
        <time>2021-04-10T16:55:27Z</time>
      </trkpt>
      <trkpt lat="18.996264" lon="-99.198669">
        <ele>2042.000000</ele>
        <time>2021-04-10T16:55:44Z</time>
      </trkpt>
      <trkpt lat="18.996210" lon="-99.198701">
        <ele>2040.000000</ele>
        <time>2021-04-10T16:55:59Z</time>
      </trkpt>
      <trkpt lat="18.996129" lon="-99.198700">
        <ele>2041.500000</ele>
        <time>2021-04-10T16:56:14Z</time>
      </trkpt>
    </trkseg>
  </trk>
</gpx>
